date,username,to,replies,retweets,favorites,text,geo,mentions,hashtags,id,permalink
2020-03-27 23:33:09,elpachicoruiz,,0,78,14,"27Mar Bendiciones que tengan una Feliz Noche Ya Sabes Quédate en Casa y Toma las Previsiones Contra el COVID19 #EnBatallaHeroica @NicolasMaduro @elpachicoruiz @amelia74698445 @Danny99953332 @Leovimildo @L15261221 @JoseS01104226 @sophi8432 @josemar35657504",,@NicolasMaduro @elpachicoruiz @amelia74698445 @Danny99953332 @Leovimildo @L15261221 @JoseS01104226 @Sophi8432 @josemar35657504,#EnBatallaHeroica,1243682502990090240,https://twitter.com/elpachicoruiz/status/1243682502990090240
2020-03-27 23:15:08,elpachicoruiz,,0,57,4,"27Mar Feliz Noche Con Mucha Energía a Quedarse en Casa y Tomar las Previsiones Contra el COVID19 #EnBatallaHeroica @NicolasMaduro @elpachicoruiz @amelia74698445 @Danny99953332 @Leovimildo @L15261221 @JoseS01104226 @sophi8432 @josemar35657504",,@NicolasMaduro @elpachicoruiz @amelia74698445 @Danny99953332 @Leovimildo @L15261221 @JoseS01104226 @Sophi8432 @josemar35657504,#EnBatallaHeroica,1243677967345233921,https://twitter.com/elpachicoruiz/status/1243677967345233921
2020-03-27 22:29:11,elpachicoruiz,,0,101,11,"27Mar Feliz y Grandiosa Tarde Camaradas y Tuiteros vamos a Quedarse en Casa y Tomar las Previsiones Contra el COVID19 #EnBatallaHeroica @NicolasMaduro @elpachicoruiz @amelia74698445 @Danny99953332 @Leovimildo @L15261221 @JoseS01104226 @AndryRivero20D @ladysuarez11",,@NicolasMaduro @elpachicoruiz @amelia74698445 @Danny99953332 @Leovimildo @L15261221 @JoseS01104226 @AndryRivero20D @ladysuarez11,#EnBatallaHeroica,1243666403573608450,https://twitter.com/elpachicoruiz/status/1243666403573608450
2020-03-27 22:15:05,elpachicoruiz,,0,45,7,"27Mar Feliz y Bendecida Tarde Con Mucha Disciplina Quedarse en Casa y Tomar las Previsiones Contra el COVID19 #EnBatallaHeroica @NicolasMaduro @elpachicoruiz @amelia74698445 @Danny99953332 @Leovimildo @L15261221 @JoseS01104226 @AndryRivero20D @ladysuarez11",,@NicolasMaduro @elpachicoruiz @amelia74698445 @Danny99953332 @Leovimildo @L15261221 @JoseS01104226 @AndryRivero20D @ladysuarez11,#EnBatallaHeroica,1243662856824016897,https://twitter.com/elpachicoruiz/status/1243662856824016897
2020-03-27 21:46:46,correodelsurcom,,0,2,0,"Se encuentra en aguas de #Panamá con 138 personas que tienen síntomas de gripe a bordo. De ese número, dos dieron positivo al covid-19. ",,,#Panam,1243655727333478411,https://twitter.com/correodelsurcom/status/1243655727333478411
2020-03-27 21:33:01,elpachicoruiz,,0,41,7,"27Mar Buenas Tardes EJÉRCITO DE PATRIOTAS Ya Sabes Quedarse en Casa y Tomar las Previsiones Contra el COVID19 #EnBatallaHeroica @NicolasMaduro @elpachicoruiz @amelia74698445 @Danny99953332 @Leovimildo @L15261221 @Liliana60330285 @JoseS01104226 @XhavyLage",,@NicolasMaduro @elpachicoruiz @amelia74698445 @Danny99953332 @Leovimildo @L15261221 @Liliana60330285 @JoseS01104226 @XhavyLage,#EnBatallaHeroica,1243652268500680704,https://twitter.com/elpachicoruiz/status/1243652268500680704
2020-03-27 21:14:20,elpachicoruiz,,0,89,12,"27Mar Buenas Tardes Hermanos UNIDAD LUCHA BATALLA Y VICTORIA Ya Sabes Quedarse en Casa y Tomar las Previsiones Contra el COVID19 #EnBatallaHeroica @NicolasMaduro @elpachicoruiz @amelia74698445 @Danny99953332 @Leovimildo @L15261221 @Liliana60330285 @JoseS01104226 @XhavyLage",,@NicolasMaduro @elpachicoruiz @amelia74698445 @Danny99953332 @Leovimildo @L15261221 @Liliana60330285 @JoseS01104226 @XhavyLage,#EnBatallaHeroica,1243647565435932673,https://twitter.com/elpachicoruiz/status/1243647565435932673
2020-03-27 20:24:34,elpachicoruiz,,1,124,25,"27Mar Buenos Días EJÉRCITO DE PATRIOTAS Ya Sabes Quedarse en Casa y Tomar las Previsiones Contra el COVID19 #EnBatallaHeroica @NicolasMaduro @elpachicoruiz @amelia74698445 @Danny99953332 @Leovimildo @L15261221 @Liliana60330285 @AndryRivero20D @JoseS01104226",,@NicolasMaduro @elpachicoruiz @amelia74698445 @Danny99953332 @Leovimildo @L15261221 @Liliana60330285 @AndryRivero20D @JoseS01104226,#EnBatallaHeroica,1243635042842271745,https://twitter.com/elpachicoruiz/status/1243635042842271745
2020-03-27 20:17:03,CharlieCardozo,correodelsurcom,0,0,0,"Oruro departamento ejemplo donde la propagación del Covid 19 esta siendo controlada gracias al accionar de la municipalidad de Oruro. Nivel Central con todo sus recursos solo se impone sobre las autoridadea locales y se refugia en su monopolio de la violencia, policia y militares ",,,,1243633150049357826,https://twitter.com/CharlieCardozo/status/1243633150049357826
2020-03-27 20:10:12,elpachicoruiz,,0,50,9,"27Mar Buenos Días, a todos los Tuiteros Activos Ya Sabes Quedarse en Casa y Tomar las Previsiones Contra el COVID19 #EnBatallaHeroica @NicolasMaduro @elpachicoruiz @amelia74698445 @Danny99953332 @Leovimildo @L15261221 @Liliana60330285 @AndryRivero20D @JoseS01104226",,@NicolasMaduro @elpachicoruiz @amelia74698445 @Danny99953332 @Leovimildo @L15261221 @Liliana60330285 @AndryRivero20D @JoseS01104226,#EnBatallaHeroica,1243631426039406593,https://twitter.com/elpachicoruiz/status/1243631426039406593
2020-03-27 19:52:30,CAYAURIMARTV,,0,10,0,"#27Mar | Fallece el primer venezolano por Covid-19 #EnBatallaHeroica http://radiocayaurima.org.ve/fallece-el-primer-venezolano-por-covid-19/",,,#27Mar #EnBatallaHeroica,1243626971629789193,https://twitter.com/CAYAURIMARTV/status/1243626971629789193
2020-03-27 19:43:31,andrestar10,DELAESPRIELLAE,4,39,79,"La @CConstitucional exige pruebas al Gbno por medidas contra el COVID19, pero que complaciente se mostró con los narcotráficantes de Santrich y Marques, guardo la esperanza de ver la foto de estos togados en carteles con una alta recompensa, por auspiciadores del terrorismo.",,@CConstitucional,,1243624711352979458,https://twitter.com/andrestar10/status/1243624711352979458
2020-03-27 19:25:04,VentCarupano,,0,3,2,"Chamo, el Coronavirus (COVID-19) no distingue edad, raza o sexo. Te invitamos que seas responsable y tomes conciencia de la situación por la que atravesamos, ayuda a que el virus no se siga propagando. Cuidarte es cuidar a tu familia, amigos y a toda Venezuela. #ChamosEnCasa",,,#ChamosEnCasa,1243620068019355659,https://twitter.com/VentCarupano/status/1243620068019355659
2020-03-27 19:24:36,VentCarupano,,0,1,2,"Chamo, el Coronavirus (COVID-19) no distingue edad, raza o sexo. Te invitamos que seas responsable y tomes conciencia de la situación por la que atravesamos, ayuda a que el virus no se siga propagando. Cuidarte es cuidar a tu familia, amigos y a toda Venezuela. #ChamosEnCasa",,,#ChamosEnCasa,1243619953397452802,https://twitter.com/VentCarupano/status/1243619953397452802
2020-03-27 19:24:08,VentCarupano,,0,0,1,"Chamo, el Coronavirus (COVID-19) no distingue edad, raza o sexo. Te invitamos que seas responsable y tomes conciencia de la situación por la que atravesamos, ayuda a que el virus no se siga propagando. Cuidarte es cuidar a tu familia, amigos y a toda Venezuela. #ChamosEnCasa",,,#ChamosEnCasa,1243619833612288007,https://twitter.com/VentCarupano/status/1243619833612288007
2020-03-27 19:23:45,VentCarupano,,0,1,2,"Chamo, el Coronavirus (COVID-19) no distingue edad, raza o sexo. Te invitamos que seas responsable y tomes conciencia de la situación por la que atravesamos, ayuda a que el virus no se siga propagando. Cuidarte es cuidar a tu familia, amigos y a toda Venezuela. #ChamosEnCasa",,,#ChamosEnCasa,1243619736375758851,https://twitter.com/VentCarupano/status/1243619736375758851
2020-03-27 19:20:54,VentCarupano,,0,1,1,"Chamo, el Coronavirus (COVID-19) no distingue edad, raza o sexo. Te invitamos que seas responsable y tomes conciencia de la situación por la que atravesamos, ayuda a que el virus no se siga propagando. Cuidarte es cuidar a tu familia, amigos y a toda Venezuela. #ChamosEnCasa",,,#ChamosEnCasa,1243619019497897989,https://twitter.com/VentCarupano/status/1243619019497897989
2020-03-27 19:19:19,VentCarupano,,0,1,1,"Chamo, el Coronavirus (COVID-19) no distingue edad, raza o sexo. Te invitamos que seas responsable y tomes conciencia de la situación por la que atravesamos, ayuda a que el virus no se siga propagando. Cuidarte es cuidar a tu familia, amigos y a toda Venezuela. #ChamosEnCasa",,,#ChamosEnCasa,1243618620464300033,https://twitter.com/VentCarupano/status/1243618620464300033
2020-03-27 19:03:37,VentCarupano,,0,3,3,"Chamo, el Coronavirus (COVID-19) no distingue edad, raza o sexo. Te invitamos que seas responsable y tomes conciencia de la situación por la que atravesamos, ayuda a que el virus no se siga propagando. Cuidarte es cuidar a tu familia, amigos y a toda Venezuela. #ChamosEnCasa",,,#ChamosEnCasa,1243614672076574720,https://twitter.com/VentCarupano/status/1243614672076574720
2020-03-27 19:02:51,VentCarupano,,0,2,2,"Chamo, el Coronavirus (COVID-19) no distingue edad, raza o sexo. Te invitamos que seas responsable y tomes conciencia de la situación por la que atravesamos, ayuda a que el virus no se siga propagando. Cuidarte es cuidar a tu familia, amigos y a toda Venezuela. #ChamosEnCasa",,,#ChamosEnCasa,1243614480241774593,https://twitter.com/VentCarupano/status/1243614480241774593
2020-03-27 16:00:42,elpachicoruiz,,0,24,4,"27Mar Feliz y Grandioso Día Hermanos Tuiteros Ya Sabes Quedarse en Casa y Tomar las Previsiones Contra el COVID19 #EnBatallaHeroica @NicolasMaduro @elpachicoruiz @amelia74698445 @Danny99953332 @Leovimildo @L15261221 @sophi8432 @YYYYYulanni6 @Liliana60330285 @Karlinho65",,@NicolasMaduro @elpachicoruiz @amelia74698445 @Danny99953332 @Leovimildo @L15261221 @Sophi8432 @yyyyyulanni6 @Liliana60330285 @Karlinho65,#EnBatallaHeroica,1243568638503849991,https://twitter.com/elpachicoruiz/status/1243568638503849991
2020-03-27 16:00:35,matadesorden,Rafaelita82,0,0,0,"aprovechen den le 1/4 de decomiso d armas, un tobo con agua y una panela d jabón y lo sueltan en la puerta d miraflores. OjO: el agua y abón no es para covid-19 es para q se lave el @jguaido después d la gran guaidonada q se va a dar hay parado cuando le pregunten a quien busca.",,@jguaido,,1243568608820805632,https://twitter.com/matadesorden/status/1243568608820805632
2020-03-27 15:50:29,elpachicoruiz,,1,80,12,"27Mar Feliz Día Guerreros de la Patria Digna En Batalla Ya Sabes Quedarse en Casa y Tomar las Previsiones Contra el COVID19 #EnBatallaHeroica @NicolasMaduro @elpachicoruiz @amelia74698445 @Danny99953332 @Leovimildo @L15261221 @sophi8432 @YYYYYulanni6 @Liliana60330285 @Karlinho65",,@NicolasMaduro @elpachicoruiz @amelia74698445 @Danny99953332 @Leovimildo @L15261221 @Sophi8432 @yyyyyulanni6 @Liliana60330285 @Karlinho65,#EnBatallaHeroica,1243566068511248385,https://twitter.com/elpachicoruiz/status/1243566068511248385
2020-03-27 15:40:49,CAYAURIMARTV,,0,3,0,"#27Mar | Miembros de la Celac sostuvieron encuentro para establecer estrategias de lucha contra el Covid-19 #EnBatallaHeroica http://radiocayaurima.org.ve/miembros-de-la-celac-sostuvieron-encuentro-para-establecer-estrategias-de-lucha-contra-el-covid-19/",,,#27Mar #EnBatallaHeroica,1243563635898757123,https://twitter.com/CAYAURIMARTV/status/1243563635898757123
2020-03-27 15:33:02,CAYAURIMARTV,,0,2,0,"#27Mar | Bolsonaro ante el Covid-19: Población brasileña puede ""sumergirse en una alcantarilla y no les pasa nada"" #EnBatallaHeroica http://radiocayaurima.org.ve/bolsonaro-ante-el-covid-19-poblacion-brasilena-puede-sumergirse-en-una-alcantarilla-y-no-les-pasa-nada/",,,#27Mar #EnBatallaHeroica,1243561674709311489,https://twitter.com/CAYAURIMARTV/status/1243561674709311489
2020-03-27 15:17:34,elpachicoruiz,,0,31,7,"27Mar Camaradas les deseo Éxitos este Viernes Ya Sabes Quedarse en Casa y Tomar las Previsiones Contra el COVID19 #EnBatallaHeroica @NicolasMaduro @elpachicoruiz @amelia74698445 @Danny99953332 @Leovimildo @L15261221 @sophi8432 @YYYYYulanni6 @Liliana60330285 @Karlinho65",,@NicolasMaduro @elpachicoruiz @amelia74698445 @Danny99953332 @Leovimildo @L15261221 @Sophi8432 @yyyyyulanni6 @Liliana60330285 @Karlinho65,#EnBatallaHeroica,1243557781904527360,https://twitter.com/elpachicoruiz/status/1243557781904527360
2020-03-27 14:52:47,elpachicoruiz,,0,100,6,"27Mar Feliz Viernes Apreciados Patriotas Dignos Ya Sabes Quedarse en Casa y Tomar las Previsiones Contra el COVID19 #EnBatallaHeroica @NicolasMaduro @elpachicoruiz @amelia74698445 @Danny99953332 @Leovimildo @L15261221 @sophi8432 @YYYYYulainni6 @Liliana60330285 @Karlinho65",,@NicolasMaduro @elpachicoruiz @amelia74698445 @Danny99953332 @Leovimildo @L15261221 @Sophi8432 @Liliana60330285 @Karlinho65,#EnBatallaHeroica,1243551545821667328,https://twitter.com/elpachicoruiz/status/1243551545821667328
2020-03-27 14:44:26,TOYOTAXI,,0,0,1,"América Latina ante el Covid-19: entre el ‘es para ayer’ y el ‘como vaya... https://youtu.be/uFC7iXEVmlI vía @YouTube",,@YouTube,,1243549444978675713,https://twitter.com/TOYOTAXI/status/1243549444978675713
2020-03-27 13:47:54,CAYAURIMARTV,,0,3,0,"#27Mar | Corpoelec realizó mantenimiento en Sucre para evitar interrupciones imprevistas durante la contingencia Covid-19 #EnBatallaHeroica http://radiocayaurima.org.ve/corpoelec-realizo-mantenimiento-en-sucre-para-evitar-interrupciones-imprevistas-durante-la-contingencia-covid-19/",,,#27Mar #EnBatallaHeroica,1243535219388448770,https://twitter.com/CAYAURIMARTV/status/1243535219388448770
2020-03-27 12:48:49,correodelsurcom,,0,0,2,"No presentan síntomas de covid-19 y cumplieron controles sanitarios. https://correodelsur.com/local/20200327_llega-una-nueva-delegacion-de-chuquisaquenos-repatriados-de-chile.html vía @correodelsurcom",,@correodelsurcom,,1243520350039744514,https://twitter.com/correodelsurcom/status/1243520350039744514
2020-03-27 06:18:29,Moon_Chris00,Covid19_Time,0,1,6,"Así estamos en mi país nose que nos llegue a pasar",,,,1243422117825089540,https://twitter.com/Moon_Chris00/status/1243422117825089540
2020-03-27 03:54:53,elpachicoruiz,,0,45,7,"26Mar Dulce Sueños Hasta Mañana Quedate en Casa y Toma las Previsiones Contra el COVID19 #GanamosConLaPrevención #MaduroValentíayDignidad @NicolasMaduro @elpachicoruiz @amelia74698445 @Danny99953332 @Leovimildo @AndryRivero20D @L15261221 @sophi8432 @XhavyLage @Liliana60330285",,@NicolasMaduro @elpachicoruiz @amelia74698445 @Danny99953332 @Leovimildo @AndryRivero20D @L15261221 @Sophi8432 @XhavyLage @Liliana60330285,#GanamosConLaPrevenci #MaduroValent,1243385979156627458,https://twitter.com/elpachicoruiz/status/1243385979156627458
2020-03-27 03:39:11,elpachicoruiz,,0,29,9,"26Mar Feliz Noche Con Mucha Energía a Quedarse en Casa y Tomar las Previsiones Contra el COVID19 #GanamosConLaPrevención #MaduroValentíayDignidad @NicolasMaduro @elpachicoruiz @amelia74698445 @Danny99953332 @Leovimildo @AndryRivero20D @L15261221 @sophi8432",,@NicolasMaduro @elpachicoruiz @amelia74698445 @Danny99953332 @Leovimildo @AndryRivero20D @L15261221 @Sophi8432,#GanamosConLaPrevenci #MaduroValent,1243382029506342912,https://twitter.com/elpachicoruiz/status/1243382029506342912
2020-03-27 01:52:03,Moon_Chris00,Covid19_Time,0,0,1,"Por favor podrías sacar un rango de contagio y muertes para hacer una tabla de comparación",,,,1243355068906090498,https://twitter.com/Moon_Chris00/status/1243355068906090498
2020-03-26 22:43:18,elpachicoruiz,,0,32,6,"26Mar Excelente Tarde Apreciados Tuiteros vamos a Quedarse en Casa y Tomar las Previsiones Contra el COVID19 #GanamosConLaPrevención #MaduroValentíayDignidad @NicolasMaduro @elpachicoruiz @amelia74698445 @Danny99953332 @Leovimildo @AndryRivero20D @gegarlop @Karlinho65 @L15261221",,@NicolasMaduro @elpachicoruiz @amelia74698445 @Danny99953332 @Leovimildo @AndryRivero20D @gegarlop @Karlinho65 @L15261221,#GanamosConLaPrevenci #MaduroValent,1243307569013297154,https://twitter.com/elpachicoruiz/status/1243307569013297154
2020-03-26 22:34:42,yeli_requena,,0,2,1,"El pivot de los Detroit Pistons, Christian Wood, venció al Covid-19. Su agente le aseguró a Brad Galli de WXYZ News que el jugador, diagnosticado el 15 de marzo, ya está ""completamente recuperado"".",,,,1243305406052601856,https://twitter.com/yeli_requena/status/1243305406052601856
2020-03-26 22:28:04,sisass89,,0,0,1,"COVID-19 al Jueves 26/03/2020 15:30 horas: -Estados Unidos alcanza los 82,451 casos confirmados, rebasando a China como el país con mayor número de enfermos identificados hasta ahora. -Italia alcanza los 8,215 fallecimientos, con una tasa de letalidad del 10%. ",,,,1243303736325390340,https://twitter.com/sisass89/status/1243303736325390340
2020-03-26 22:25:52,elpachicoruiz,,0,21,3,"26Mar Feliz y Bendecida Tarde Con Mucha Disciplina Quedarse en Casa y Tomar las Previsiones Contra el COVID19 #GanamosConLaPrevención #MaduroValentíayDignidad @NicolasMaduro @elpachicoruiz @amelia74698445 @Danny99953332 @Leovimildo @AndryRivero20D @gegarlop",,@NicolasMaduro @elpachicoruiz @amelia74698445 @Danny99953332 @Leovimildo @AndryRivero20D @gegarlop,#GanamosConLaPrevenci #MaduroValent,1243303180496252930,https://twitter.com/elpachicoruiz/status/1243303180496252930
2020-03-26 21:55:22,eliancavr,,0,0,0,"Algún ser pensante,puede ser un médico,que de un reporte del primer fallecido por COVID-19 en Venezuela? https://twitter.com/ElPitazoTV/status/1243293156940099585",,,,1243295505033068546,https://twitter.com/eliancavr/status/1243295505033068546
2020-03-26 21:36:36,elpachicoruiz,,1,54,10,"26Mar Buenas Tardes Patriotas Quédate en Casa y Toma las Previsiones Contra el COVID19 #GanamosConLaPrevención #MaduroValentíayDignidad @NicolasMaduro @elpachicoruiz @amelia74698445 @Danny99953332 @Leovimildo @L15261221 @rome_arqui @Rosaura09415105 @AndryRivero20D @XhavyLage",,@NicolasMaduro @elpachicoruiz @amelia74698445 @Danny99953332 @Leovimildo @L15261221 @rome_arqui @Rosaura09415105 @AndryRivero20D @XhavyLage,#GanamosConLaPrevenci #MaduroValent,1243290783542906886,https://twitter.com/elpachicoruiz/status/1243290783542906886
2020-03-26 21:33:58,CAYAURIMARTV,,0,1,0,"#26Mar | Médicos de Bolivia denuncian falta de equipos sanitarios para la lucha contra el Covid-19 #MaduroValentíayDignidad http://radiocayaurima.org.ve/medicos-de-bolivia-denuncian-falta-de-equipos-sanitarios-para-la-lucha-contra-el-covid-19/",,,#26Mar #MaduroValent,1243290120234700807,https://twitter.com/CAYAURIMARTV/status/1243290120234700807
2020-03-26 21:30:03,CAYAURIMARTV,,0,0,0,"#26Mar | Plan de Desinfección de Covid-19 se desplegó a Santa Fe #MaduroValentíayDignidad http://radiocayaurima.org.ve/plan-de-desinfeccion-de-covid-19-se-desplego-a-santa-fe/",,,#26Mar #MaduroValent,1243289133415571469,https://twitter.com/CAYAURIMARTV/status/1243289133415571469
2020-03-26 21:24:58,GNB_Sucre,,0,62,59,"Efectivos del @GNB_D531Sucre realizaron visita a diferentes locales comerciales con la finalidad de establecer los controles sanitarios y restricciones para evitar la propagación del COVID-19. #MaduroValentíayDignidad FANBLealesSiempre GNBTraidoresNunca",,@GNB_D531Sucre,#MaduroValent,1243287855742533633,https://twitter.com/GNB_Sucre/status/1243287855742533633
2020-03-26 21:19:53,elpachicoruiz,,0,64,11,"26Mar Buenas Tardes Hermanos Quédate en Casa y Toma las Previsiones Contra el COVID19 #GanamosConLaPrevención #MaduroValentíayDignidad @NicolasMaduro @elpachicoruiz @amelia74698445 @Danny99953332 @Leovimildo @L15261221 @rome_arqui @Rosaura09415105 @AndryRivero20D @XhavyLage",,@NicolasMaduro @elpachicoruiz @amelia74698445 @Danny99953332 @Leovimildo @L15261221 @rome_arqui @Rosaura09415105 @AndryRivero20D @XhavyLage,#GanamosConLaPrevenci #MaduroValent,1243286577461235712,https://twitter.com/elpachicoruiz/status/1243286577461235712
2020-03-26 20:25:27,elpachicoruiz,,1,93,21,"26Mar Buenas Tardes TUITEROS Quédate en Casa y Toma las Previsiones Contra el COVID19 26Mar #GanamosConLaPrevención @NicolasMaduro @elpachicoruiz @amelia74698445 @Danny99953332 @Leovimildo @L15261221 @rome_arqui @Rosaura09415105 @AndryRivero20D @XhavyLage @marvelismarinm1",,@NicolasMaduro @elpachicoruiz @amelia74698445 @Danny99953332 @Leovimildo @L15261221 @rome_arqui @Rosaura09415105 @AndryRivero20D @XhavyLage @marvelismarinm1,#GanamosConLaPrevenci,1243272875735425026,https://twitter.com/elpachicoruiz/status/1243272875735425026
2020-03-26 19:56:53,matadesorden,TarekWiliamSaab,0,0,0,"De seguro @jguaido se lanza fugado a estado unidos, la vaina es que lo piense bien xq de allá lo que quieren es irse si es posible a otro planeta huyendo de trump perdón del covid-19.",,@jguaido,,1243265690146136064,https://twitter.com/matadesorden/status/1243265690146136064
2020-03-26 18:32:49,avitonet,,0,0,0,"Venceremos esta etapa evolucionista de la humanidad Dios y la virgen esta con nosotros #Quedateencasa Gobierno anuncia Estado de Emergencia Sanitaria ante crisis por el Covid-19 http://www.lapatriaenlinea.com/?t=gobierno-anuncia-estado-de-emergencia-sanitaria-ante-crisis-por-el-covid-19&amp;nota=1014802#.Xnz02xVs9Fg.twitter",,,#Quedateencasa,1243244533791539200,https://twitter.com/avitonet/status/1243244533791539200
2020-03-26 18:06:30,josegom33476119,,0,0,0,"(VIDEO) EEUU: Modelo venezolana Ruby Demestoy explica el simulacro del COVID-19 en Nueva York",,,,1243237907755929607,https://twitter.com/josegom33476119/status/1243237907755929607
2020-03-26 17:11:33,elpachicoruiz,,0,174,27,"26Mar Feliz y Grandioso Día Hermanos Tuiteros Ya Sabes Quedarse en Casa y Tomar las Previsiones Contra el COVID19 #GanamosConLaPrevención @NicolasMaduro @elpachicoruiz @amelia74698445 @Danny99953332 @Leovimildo @L15261221",,@NicolasMaduro @elpachicoruiz @amelia74698445 @Danny99953332 @Leovimildo @L15261221,#GanamosConLaPrevenci,1243224080318443522,https://twitter.com/elpachicoruiz/status/1243224080318443522
2020-03-26 16:52:34,elpachicoruiz,,1,51,11,"26Mar Feliz Día Guerreros y Guerreras de la Patria Digna En Batalla Ya Sabes Quedarse en Casa y Tomar las Previsiones Contra el COVID19 #GanamosConLaPrevención @NicolasMaduro @elpachicoruiz @amelia74698445 @Danny99953332 @Leovimildo @L15261221",,@NicolasMaduro @elpachicoruiz @amelia74698445 @Danny99953332 @Leovimildo @L15261221,#GanamosConLaPrevenci,1243219303937253377,https://twitter.com/elpachicoruiz/status/1243219303937253377
2020-03-26 15:36:05,elpachicoruiz,,0,22,3,"26Mar Camaradas les deseo Éxitos este Jueves Ya Sabes Quedarse en Casa y Tomar las Previsiones Contra el COVID19 #GanamosConLaPrevención @NicolasMaduro @elpachicoruiz @amelia74698445 @Danny99953332 @Leovimildo @L15261221 @Tiziana2025 @rome_arqui @YYYYYulainni6 @Rosaura09415105",,@NicolasMaduro @elpachicoruiz @amelia74698445 @Danny99953332 @Leovimildo @L15261221 @Tiziana2025 @rome_arqui @Rosaura09415105,#GanamosConLaPrevenci,1243200056909598720,https://twitter.com/elpachicoruiz/status/1243200056909598720
2020-03-26 15:30:35,vasburundanga,,0,0,0,"@NicolasMaduro ,@dcabellor . Donald Trump no va hacer nada contra el Covid_19. Esperará que se profundice la Crisis para solicitar prórroga para la fecha de las Elecciones. Sabe que esta derrotado.",,@NicolasMaduro @dcabellor,,1243198670801117185,https://twitter.com/vasburundanga/status/1243198670801117185
2020-03-26 15:07:48,elpachicoruiz,,0,64,10,"26Mar Feliz Jueves Apreciados Patriotas Dignos Ya Sabes Quedarse en Casa y Tomar las Previsiones Contra el COVID19 #GanamosConLaPrevención @NicolasMaduro @elpachicoruiz @amelia74698445 @Danny99953332 @Leovimildo @L15261221 @Tiziana2025 @rome_arqui @YYYYYulainni6 @Rosaura09415105",,@NicolasMaduro @elpachicoruiz @amelia74698445 @Danny99953332 @Leovimildo @L15261221 @Tiziana2025 @rome_arqui @Rosaura09415105,#GanamosConLaPrevenci,1243192939884535809,https://twitter.com/elpachicoruiz/status/1243192939884535809
2020-03-26 13:56:14,RichardTorricoP,,0,0,0,"Las diez frases de Bolsonaro sobre la Covid-19 que encendieron la polémica https://shar.es/aHt4zK a través de @LosTiemposBol Ignorancia total!!!",,@LosTiemposBol,,1243174929132118017,https://twitter.com/RichardTorricoP/status/1243174929132118017
2020-03-26 13:19:38,SebAntChachan,Dr_LawC,0,0,1,"Al Covid-19 le gusta esto*",,,,1243165715483549700,https://twitter.com/SebAntChachan/status/1243165715483549700
2020-03-26 11:40:28,correodelsurcom,,0,2,1,"El país registró ayer 655 muertes más y 8.578 nuevos casos de covid-19 ",,,,1243140760276480000,https://twitter.com/correodelsurcom/status/1243140760276480000
2020-03-26 03:57:38,elpachicoruiz,,0,26,5,"25Mar tengan una Feliz Noche y Dulce Sueños Hasta Mañana y Ya Sabes Quedarse en Casa y Tomar las Previsiones Contra el COVID19 #SolidaridadYUniónNacional @NicolasMaduro @elpachicoruiz @amelia74698445 @Danny99953332 @L15261221 @YYYYYulanni6 @rome_arqui @L15261221",,@NicolasMaduro @elpachicoruiz @amelia74698445 @Danny99953332 @L15261221 @yyyyyulanni6 @rome_arqui @L15261221,#SolidaridadYUni,1243024285872074753,https://twitter.com/elpachicoruiz/status/1243024285872074753
2020-03-26 03:56:38,elpachicoruiz,,0,19,5,"25Mar Feliz Noche Tuiteros de la Patria por su Esfuerzo y Compromiso con Venezuela a Quedarse en Casa y Tomar las Previsiones Contra el COVID19 #SolidaridadYUniónNacional @NicolasMaduro @elpachicoruiz @amelia74698445 @Danny99953332 @L15261221 @YYYYYulanni6 @rome_arqui @L15261221",,@NicolasMaduro @elpachicoruiz @amelia74698445 @Danny99953332 @L15261221 @yyyyyulanni6 @rome_arqui @L15261221,#SolidaridadYUni,1243024033047818240,https://twitter.com/elpachicoruiz/status/1243024033047818240
2020-03-26 03:04:45,Moon_Chris00,Covid19_Time,0,0,0,"Dime que es broma",,,,1243010975223119872,https://twitter.com/Moon_Chris00/status/1243010975223119872
2020-03-26 02:00:41,Maryeles,,0,0,1,"Qué pasa con esa gente que siente que tener balcón le da potestad para ""compartir"" con sus vecinos su música favorita, reflexiones y hasta religión? #NoEntender #COVID19",,,#NoEntender #COVID19,1242994851702071296,https://twitter.com/Maryeles/status/1242994851702071296
2020-03-26 01:03:02,LuisGVenezuela,elconfidencial,0,0,0,"Esta noticia es de 2014 Parece estar hablando del Covid19 o no? ",,,,1242980344313384960,https://twitter.com/LuisGVenezuela/status/1242980344313384960
2020-03-25 23:14:52,elpachicoruiz,,0,76,13,"25Mar Feliz Noche Tropa de Tuiteros de la Patria por su Esfuerzo y Compromiso con Venezuela a Quedarse en Casa y Tomar las Previsiones Contra el COVID19 #SolidaridadYUniónNacional @NicolasMaduro @elpachicoruiz @amelia74698445 @Danny99953332 @L15261221 @YYYYYulanni6 @rome_arqui",,@NicolasMaduro @elpachicoruiz @amelia74698445 @Danny99953332 @L15261221 @yyyyyulanni6 @rome_arqui,#SolidaridadYUni,1242953125276930050,https://twitter.com/elpachicoruiz/status/1242953125276930050
2020-03-25 23:01:51,LvrLpz,danii_pandiita,0,0,0,"quisiera ser tu, mi ciudad no tiene ningun caso de covid-19 e igual andamos cuarentoneando un asca.",,,,1242949848644702208,https://twitter.com/LvrLpz/status/1242949848644702208
2020-03-25 23:01:29,elpachicoruiz,,0,42,7,"25Mar Feliz Noche Con Mucha Energía a Quedarse en Casa y Tomar las Previsiones Contra el COVID19 #SolidaridadYUniónNacional @NicolasMaduro @elpachicoruiz @amelia74698445 @Danny99953332 @L15261221 @YYYYYulanni6 @rome_arqui",,@NicolasMaduro @elpachicoruiz @amelia74698445 @Danny99953332 @L15261221 @yyyyyulanni6 @rome_arqui,#SolidaridadYUni,1242949756621553666,https://twitter.com/elpachicoruiz/status/1242949756621553666
2020-03-25 22:55:47,LvrLpz,grupoeldeber,0,0,0,"ojala no sea otra metida de pata, que libere los departamentos libres del covid-19",,,,1242948322207424519,https://twitter.com/LvrLpz/status/1242948322207424519
2020-03-25 22:51:49,LvrLpz,tuffiare,0,0,0,"por favor que se libere la cuarentena para ciudades que no presentan pacientes infectados con el covid-19, es inhumano para Sucre, Tarija, Potosí, estar en esta situación",,,,1242947324026015751,https://twitter.com/LvrLpz/status/1242947324026015751
2020-03-25 22:40:51,Edwin_Urizar,,0,0,0,"#GrupoFIDES #FidesInfo #CoronavirusBo desde el SEDES Santa Cruz confirman 6 nuevos casos de coronavirus lo que eleva la cifra a 38 casos positivos de COVID-19 en el país ",,,#GrupoFIDES #FidesInfo #CoronavirusBo,1242944563951685637,https://twitter.com/Edwin_Urizar/status/1242944563951685637
2020-03-25 21:45:04,elpachicoruiz,,0,41,8,"25Mar Buenas Tardes Hermanos ✩UNIDAD✩ ✫LUCHA✵ ✫BATALLA✵ Y ✫VICTORIA✵ Ya Sabes Quedarse en Casa y Tomar las Previsiones Contra el COVID19 #SolidaridadYUniónNacional @NicolasMaduro @elpachicoruiz @amelia74698445 @Danny99953332 @Leovimildo",,@NicolasMaduro @elpachicoruiz @amelia74698445 @Danny99953332 @Leovimildo,#SolidaridadYUni,1242930523871330305,https://twitter.com/elpachicoruiz/status/1242930523871330305
2020-03-25 21:29:25,elpachicoruiz,,0,75,16,"25Mar Buenas Tardes Apreciados TUITEROSACTIVOS Ya Sabes Quedarse en Casa y Tomar las Previsiones Contra el COVID19 #SolidaridadYUniónNacional @NicolasMaduro @elpachicoruiz @amelia74698445 @Danny99953332 @Leovimildo",,@NicolasMaduro @elpachicoruiz @amelia74698445 @Danny99953332 @Leovimildo,#SolidaridadYUni,1242926588905295873,https://twitter.com/elpachicoruiz/status/1242926588905295873
2020-03-25 20:32:35,CAYAURIMARTV,,0,15,1,"#25Mar | Alcaldesa de Carúpano inicia campaña preventiva sobre Covid-19 #SolidaridadYUnionNacional http://radiocayaurima.org.ve/alcaldesa-inicia-campana-preventiva-en-carupano/",,,#25Mar #SolidaridadYUnionNacional,1242912285766680576,https://twitter.com/CAYAURIMARTV/status/1242912285766680576
2020-03-25 20:23:59,CAYAURIMARTV,,0,3,0,"#25Mar | Más de 15 países han solicitado Interferón Alfa 2B para el combate contra el Covid-19 #SolidaridadYUnionNacional http://radiocayaurima.org.ve/mas-de-15-paises-han-solicitado-interferon-alfa-2b-para-el-combate-contra-el-covid-19/",,,#25Mar #SolidaridadYUnionNacional,1242910120004259843,https://twitter.com/CAYAURIMARTV/status/1242910120004259843
2020-03-25 20:07:09,elpachicoruiz,,0,50,5,"25Mar Buenos Días EJÉRCITO DE PATRIOTAS Ya Sabes Quedarse en Casa y Tomar las Previsiones Contra el COVID19 #SolidaridadYUniónNacional @NicolasMaduro @elpachicoruiz @amelia74698445 @Danny99953332",,@NicolasMaduro @elpachicoruiz @amelia74698445 @Danny99953332,#SolidaridadYUni,1242905882905755654,https://twitter.com/elpachicoruiz/status/1242905882905755654
2020-03-25 19:57:56,elpachicoruiz,,0,87,14,"25Mar Buenas Tardes a todos los Tuiteros Activos Ya Sabes Quedarse en Casa y Tomar las Previsiones Contra el COVID19 #SolidaridadYUniónNacional @NicolasMaduro @elpachicoruiz @amelia74698445 @Danny99953332",,@NicolasMaduro @elpachicoruiz @amelia74698445 @Danny99953332,#SolidaridadYUni,1242903566009937920,https://twitter.com/elpachicoruiz/status/1242903566009937920
2020-03-25 18:55:08,Pamysoled,,0,0,0,"Es necesario #Descentralizar #Pruebas de #Diagnóstico para #COVID19 en #BOLIVIA https://www.instagram.com/p/B-Ktn83AA37/?igshid=1qycc03bi6cpa",,,#Descentralizar #Pruebas #Diagn #COVID19 #BOLIVIA,1242887759146225665,https://twitter.com/Pamysoled/status/1242887759146225665
2020-03-25 18:20:57,GNB_Sucre,,0,64,60,"#25 Mar #SolidaridadYUniónNacional GNBEsVzla FanbPorTiVzla Nos encontramos desplegados con jornada de despistaje del COVID-19 con los médicos de la patria haciendo recorridos casa por casa y en los Centros hospitalarios @GNBoficial",,@GNBoficial,#SolidaridadYUni,1242879159485059073,https://twitter.com/GNB_Sucre/status/1242879159485059073
2020-03-25 18:20:57,GNB_Sucre,,0,53,51,"#25Mar¡Venceremos al Covid19! Preservemos la salud de nuestra familia acatando las recomendaciones de prevención y apoyemos al Poder Popular y Gobierno organizados @GNBoficial #SolidaridadYUniónNacional GNBEsVzla FanbPorTiVzla",,@GNBoficial,#25Mar #SolidaridadYUni,1242879157719175169,https://twitter.com/GNB_Sucre/status/1242879157719175169
2020-03-25 16:05:43,elpachicoruiz,,0,26,4,"25Mar Feliz y Grandioso Día Hermanos Tuiteros Ya Sabes Quedarse en Casa y Tomar las Previsiones Contra el COVID19 #SolidaridadYUniónNacional @NicolasMaduro @elpachicoruiz @amelia74698445 @Leovimildo @DanielMar195",,@NicolasMaduro @elpachicoruiz @amelia74698445 @Leovimildo @DanielMar195,#SolidaridadYUni,1242845125354668032,https://twitter.com/elpachicoruiz/status/1242845125354668032
2020-03-25 15:56:51,bunguiburundi,_xTaroKx,0,0,1,"Hasta ellos quieren quedarse en casa por el Covid-19 ",,,,1242842894542741504,https://twitter.com/bunguiburundi/status/1242842894542741504
2020-03-25 15:53:47,elpachicoruiz,,1,54,7,"25Mar Feliz Día Guerreros y Guerreras de la Patria Digna En Batalla Ya Sabes Quedarse en Casa y Tomar las Previsiones Contra el COVID19 #SolidaridadYUniónNacional @NicolasMaduro @elpachicoruiz @amelia74698445 @Leovimildo @DanielMar195",,@NicolasMaduro @elpachicoruiz @amelia74698445 @Leovimildo @DanielMar195,#SolidaridadYUni,1242842122530828288,https://twitter.com/elpachicoruiz/status/1242842122530828288
2020-03-25 15:14:32,elpachicoruiz,,0,25,2,"25Mar Feliz Miércoles Apreciados Patriotas Dignos Ya Sabes Quedarse en Casa y Tomar las Previsiones Contra el COVID19 #SolidaridadYUniónNacional @NicolasMaduro @elpachicoruiz @amelia74698445 @Leovimildo @DanielMar195",,@NicolasMaduro @elpachicoruiz @amelia74698445 @Leovimildo @DanielMar195,#SolidaridadYUni,1242832245645365249,https://twitter.com/elpachicoruiz/status/1242832245645365249
2020-03-25 15:04:35,CAYAURIMARTV,,0,6,1,"#25Mar | Rojas: No hay casos confirmados de Covid-19 en el estado Sucre #SolidaridadYUnionNacional http://radiocayaurima.org.ve/rojas-no-hay-casos-confirmados-de-covid-19-en-el-estado-sucre/",,,#25Mar #SolidaridadYUnionNacional,1242829738638479361,https://twitter.com/CAYAURIMARTV/status/1242829738638479361
2020-03-25 14:59:22,elpachicoruiz,,0,21,3,"25Mar Camaradas les deseo Éxitos este Miércoles Ya Sabes Quedarse en Casa y Tomar las Previsiones Contra el COVID19 #SolidaridadYUniónNacional @NicolasMaduro @elpachicoruiz @amelia74698445 @Leovimildo @DanielMar195",,@NicolasMaduro @elpachicoruiz @amelia74698445 @Leovimildo @DanielMar195,#SolidaridadYUni,1242828426953793536,https://twitter.com/elpachicoruiz/status/1242828426953793536
2020-03-25 14:47:48,CAYAURIMARTV,,0,5,0,"#25Mar | Prohibidas entradas y salidas de Tailandia para evitar propagación del Covid-19 #SolidaridadYUnionNacional http://radiocayaurima.org.ve/prohibidas-entradas-y-salidas-de-tailandia-para-evitar-propagacion-del-covid-19/",,,#25Mar #SolidaridadYUnionNacional,1242825519105744896,https://twitter.com/CAYAURIMARTV/status/1242825519105744896
2020-03-25 14:39:40,correodelsurcom,,0,0,2,"En Rusia hay 658 casos de covid-19, según informaron hoy las autoridades de ese país ",,,,1242823469991165952,https://twitter.com/correodelsurcom/status/1242823469991165952
2020-03-25 13:39:56,CAYAURIMARTV,,0,7,1,"#25Mar | Sudeban brinda número telefónico para denuncias sobre servicios bancarios ante Covid-19 #SolidaridadYUniónNacional http://radiocayaurima.org.ve/sudeban-brinda-numero-telefonico-para-denuncias-sobre-servicios-bancarios-ante-covid-19/",,,#25Mar #SolidaridadYUni,1242808437676933131,https://twitter.com/CAYAURIMARTV/status/1242808437676933131
2020-03-25 13:27:39,CAYAURIMARTV,,0,4,0,"#25Mar | Inicia entrega de bono especial a trabajadores informales y privados ante Covid-19 #SolidaridadYUniónNacional http://radiocayaurima.org.ve/inicia-entrega-de-bono-especial-a-trabajadores-informales-y-privados-ante-covid-19/",,,#25Mar #SolidaridadYUni,1242805347766632448,https://twitter.com/CAYAURIMARTV/status/1242805347766632448
2020-03-25 13:07:35,RobinsonSucre,,0,10,0,"La Prevención y Disciplina, son la clave en la lucha contra el #Covid_19. #SolidaridadYUniónNacional #QuedateEnTuCasa #LaPrevencionEsLaClave @NicolasMaduro @psuvaristobulo @EdwinRojasM @MPPEDUCACION @Sociabolivarian @MisinRobinsonP2 @EdwinRojasM",,@NicolasMaduro @psuvaristobulo @EdwinRojasM @MPPEDUCACION @Sociabolivarian @MisinRobinsonP2 @EdwinRojasM,#Covid_19 #SolidaridadYUni #QuedateEnTuCasa #LaPrevencionEsLaClave,1242800295752732672,https://twitter.com/RobinsonSucre/status/1242800295752732672
2020-03-25 12:28:28,CAYAURIMARTV,,0,6,0,"#25Mar | Detectados 7 nuevos casos de Covid-19 y se elevan a 91 los contagios en Venezuela #SolidaridadYUniónNacional http://radiocayaurima.org.ve/detectados-7-nuevos-casos-de-covid-19-y-se-elevan-a-91-los-contagios-en-venezuela/",,,#25Mar #SolidaridadYUni,1242790452522373120,https://twitter.com/CAYAURIMARTV/status/1242790452522373120
2020-03-25 10:09:06,MROCuellar,,0,0,0,"Gracias a Oruro por mostrarnos el camino correcto contra el covid19 y gracias Diosito.. ",,,,1242755381337698304,https://twitter.com/MROCuellar/status/1242755381337698304
2020-03-25 05:15:43,sisass89,,0,1,6,"No le veo ninguna gracia a los chistes constantes sobre la pandemia por COVID-19. Seamos tolerantes con los pacientes, con los médicos que con amor y compromiso arriesgan su salud por la atención, por los fallecidos (tanto pacientes como profesionales de la salud). RESPETO.",,,,1242681546898898945,https://twitter.com/sisass89/status/1242681546898898945
2020-03-25 01:54:10,bunguiburundi,Covid19_Time,0,0,1,"Y yo que creia que estaba paranoico",,,,1242630827424481280,https://twitter.com/bunguiburundi/status/1242630827424481280
2020-03-24 23:00:36,GNB_Sucre,GNBoficial,0,9,8,"En perfecta unión cívico militar #FANB y personal médico lucha para vencer al #Covid_19 #24Mar #VenezuelaCombateAlCovid19 GNBEsVzla FANBEsPueblo",,,#FANB #Covid_19 #24Mar #VenezuelaCombateAlCovid19,1242587146663481344,https://twitter.com/GNB_Sucre/status/1242587146663481344
2020-03-24 22:19:59,GNB_Sucre,GNBoficial,0,21,19,"#QuédateEnCasa prevenir el #Covid-19 es tarea de todos #24Mar #VenezuelaCombateAlCovid19 GNBEsVzla FANBEsPueblo",,,#Qu #Covid #24Mar #VenezuelaCombateAlCovid19,1242576924410593290,https://twitter.com/GNB_Sucre/status/1242576924410593290
2020-03-24 21:57:05,elpachicoruiz,,0,18,2,"24Mar Excelente Tarde Mis Apreciados Tuiteros vamos a Quedarse en Casa y Tomar las Previsiones Contra el COVID19 #VenezuelaCombateAlCovid19 @NicolasMaduro @elpachicoruiz @amelia74698445 @Leovimildo",,@NicolasMaduro @elpachicoruiz @amelia74698445 @Leovimildo,#VenezuelaCombateAlCovid19,1242571162783297536,https://twitter.com/elpachicoruiz/status/1242571162783297536
2020-03-24 21:42:18,elpachicoruiz,,0,20,2,"24Mar Feliz y Grandiosa Tarde Camaradas y Tuiteros vamos a Quedarse en Casa y Tomar las Previsiones Contra el COVID19 #VenezuelaCombateAlCovid19 @NicolasMaduro @elpachicoruiz @amelia74698445 @Leovimildo @L15261221 @DanielMar195",,@NicolasMaduro @elpachicoruiz @amelia74698445 @Leovimildo @L15261221 @DanielMar195,#VenezuelaCombateAlCovid19,1242567440036433920,https://twitter.com/elpachicoruiz/status/1242567440036433920
2020-03-24 21:06:23,elpachicoruiz,,0,10,0,"24Mar Feliz y Bendecida Tarde Con Mucha Disciplina Quedarse en Casa y Tomar las Previsiones Contra el COVID19 #VenezuelaCombateAlCovid19 @NicolasMaduro @elpachicoruiz @amelia74698445 @Leovimildo @L15261221 @DanielMar195",,@NicolasMaduro @elpachicoruiz @amelia74698445 @Leovimildo @L15261221 @DanielMar195,#VenezuelaCombateAlCovid19,1242558404448698371,https://twitter.com/elpachicoruiz/status/1242558404448698371
2020-03-24 20:50:34,elpachicoruiz,,0,25,0,"24Mar Buenas Tardes TuiterosPatriotas Ya Sabes Quedarse en Casa y Tomar las Previsiones Contra el COVID19 #VenezuelaCombateAlCovid19 @NicolasMaduro @elpachicoruiz @amelia74698445 @Leovimildo @L15261221 @DanielMar195",,@NicolasMaduro @elpachicoruiz @amelia74698445 @Leovimildo @L15261221 @DanielMar195,#VenezuelaCombateAlCovid19,1242554423907360772,https://twitter.com/elpachicoruiz/status/1242554423907360772
2020-03-24 20:07:13,elpachicoruiz,,0,26,3,"24Mar Buenos Días Hermanos ✩UNIDAD✩ ✫LUCHA✵ ✫BATALLA✵ Y ✫VICTORIA✵ Ya Sabes Quedarse en Casa y Tomar las Previsiones Contra el COVID19 #VenezuelaCombateAlCovid19 @NicolasMaduro @elpachicoruiz @amelia74698445 @Leovimildo @L15261221 @DanielMar195",,@NicolasMaduro @elpachicoruiz @amelia74698445 @Leovimildo @L15261221 @DanielMar195,#VenezuelaCombateAlCovid19,1242543512077373444,https://twitter.com/elpachicoruiz/status/1242543512077373444
2020-03-24 19:50:07,elpachicoruiz,,0,144,23,"24Mar Buenas Tardes Apreciados TUITEROSACTIVOS Ya Sabes Quedarse en Casa y Tomar las Previsiones Contra el COVID19 #VenezuelaCombateAlCovid19 @NicolasMaduro @elpachicoruiz @amelia74698445 @Leovimildo @L15261221 @DanielMar195",,@NicolasMaduro @elpachicoruiz @amelia74698445 @Leovimildo @L15261221 @DanielMar195,#VenezuelaCombateAlCovid19,1242539208818020352,https://twitter.com/elpachicoruiz/status/1242539208818020352
2020-03-24 19:44:22,CAYAURIMARTV,,0,5,1,"#24Mar | ONU pide garantizar igualdad de recursos en todos los países para combatir al covid-19 #VenezuelaCombateAlCovid19 http://radiocayaurima.org.ve/onu-pide-garantizar-igualdad-de-recursos-en-todos-los-paises-para-combatir-al-covid-19/",,,#24Mar #VenezuelaCombateAlCovid19,1242537763871887360,https://twitter.com/CAYAURIMARTV/status/1242537763871887360
2020-03-24 19:08:29,CAYAURIMARTV,,0,4,1,"#24Mar | Twitter censura publicación del Presidente Maduro sobre Covid-19 #VenezuelaCombateAlCovid19 http://radiocayaurima.org.ve/twitter-censura-publicacion-del-presidente-maduro-sobre-covid-19/",,,#24Mar #VenezuelaCombateAlCovid19,1242528733530951681,https://twitter.com/CAYAURIMARTV/status/1242528733530951681
2020-03-24 19:02:03,elpachicoruiz,,1,102,15,"24Mar Buenos Días EJÉRCITO DE PATRIOTAS Ya Sabes Quedarse en Casa y Tomar las Previsiones Contra el COVID19 #VenezuelaCombateAlCovid19 @NicolasMaduro @elpachicoruiz @amelia74698445 @Danny99953332 @Leovimildo @L15261221 @AntoniaEscalon8 @RastaBinghi @Gonzalo5279 @LeonciaUrbanej9",,@NicolasMaduro @elpachicoruiz @amelia74698445 @Danny99953332 @Leovimildo @L15261221 @AntoniaEscalon8 @RastaBinghi @Gonzalo5279 @LeonciaUrbanej9,#VenezuelaCombateAlCovid19,1242527112151666689,https://twitter.com/elpachicoruiz/status/1242527112151666689
2020-03-24 18:51:32,elpachicoruiz,,0,49,10,"24Mar Buenas Tardes Tuiteros Activos Ya Sabes Quedarse en Casa y Tomar las Previsiones Contra el COVID19#VenezuelaCombateAlCovid19 @NicolasMaduro @elpachicoruiz @amelia74698445 @Danny99953332 @Leovimildo @L15261221 @AntoniaEscalon8 @RastaBinghi @Gonzalo5279 @LeonciaUrbanej9",,@NicolasMaduro @elpachicoruiz @amelia74698445 @Danny99953332 @Leovimildo @L15261221 @AntoniaEscalon8 @RastaBinghi @Gonzalo5279 @LeonciaUrbanej9,,1242524468079198209,https://twitter.com/elpachicoruiz/status/1242524468079198209
2020-03-24 17:30:46,CAYAURIMARTV,,0,9,0,"#24Mar | Realizada charla de prevención del Covid-19 en Santa Fe #VenezuelaCombateAlCovid19 http://radiocayaurima.org.ve/realizada-charla-de-prevencion-del-covid-19-en-santa-fe/",,,#24Mar #VenezuelaCombateAlCovid19,1242504139982200833,https://twitter.com/CAYAURIMARTV/status/1242504139982200833
2020-03-24 17:29:23,CAYAURIMARTV,,0,7,0,"#24Mar | La OMS advierte que EE.UU. podría convertirse en el nuevo epicentro del Covid-19 #VenezuelaCombateAlCovid19 http://radiocayaurima.org.ve/la-oms-advierte-que-ee-uu-podria-convertirse-en-el-nuevo-epicentro-del-covid-19/",,,#24Mar #VenezuelaCombateAlCovid19,1242503792421208064,https://twitter.com/CAYAURIMARTV/status/1242503792421208064
2020-03-24 17:05:11,correodelsurcom,,0,0,0,"Desde el Sedes de Santa Cruz reportan un nuevo contagio de covid-19. https://correodelsur.com/sociedad/20200324_santa-cruz-con-un-nuevo-caso-se-encamina-a-la-fase-comunitaria-de-la-pandemia.html vía @correodelsurcom",,@correodelsurcom,,1242497704439275521,https://twitter.com/correodelsurcom/status/1242497704439275521
2020-03-24 16:35:12,GNB_Sucre,,0,77,70,"#24Mar | A fin de establecer los controles sanitarios y restricciones para evitar la propagación del COVID-19 nuestros efectivos se mantienen desplegados en diferentes puntos del Edo. #Sucre #VenezuelaCombateAlCovid19",,,#24Mar #Sucre #VenezuelaCombateAlCovid19,1242490156252356610,https://twitter.com/GNB_Sucre/status/1242490156252356610
2020-03-24 15:46:59,CAYAURIMARTV,,0,9,1,"#24Mar | Gobierno venezolano llama a jubilados y estudiantes de medicina a incorporarse en la lucha contra el Covid-19 #VenezuelaCombateAlCovid19 http://radiocayaurima.org.ve/gobierno-venezolano-llama-a-jubilados-y-estudiantes-de-medicina-a-incorporarse-en-la-lucha-contra-el-covid-19/",,,#24Mar #VenezuelaCombateAlCovid19,1242478022915026948,https://twitter.com/CAYAURIMARTV/status/1242478022915026948
2020-03-24 15:44:39,CAYAURIMARTV,,0,10,2,"#24Mar | Aumentan a 84 casos de Covid-19 en Venezuela y entra en vigencia plan especial en la Región Capital #VenezuelaCombateAlCovid19 http://radiocayaurima.org.ve/aumentan-a-84-casos-de-covid-19-en-venezuela-y-entra-en-vigencia-plan-especial-en-la-region-capital/",,,#24Mar #VenezuelaCombateAlCovid19,1242477434215100417,https://twitter.com/CAYAURIMARTV/status/1242477434215100417
2020-03-24 15:42:04,CAYAURIMARTV,,0,6,0,"#24Mar | Brasil continúa sin implementar medidas sanitarias de prevención del Covid-19 #VenezuelaCombateAlCovid19 http://radiocayaurima.org.ve/brasil-continua-sin-implementar-medidas-sanitarias-de-prevencion-del-covid-19/",,,#24Mar #VenezuelaCombateAlCovid19,1242476787587678212,https://twitter.com/CAYAURIMARTV/status/1242476787587678212
2020-03-24 15:35:46,CAYAURIMARTV,,0,5,0,"#24Mar | Llegan a Venezuela 10 mil pruebas diagnósticas de Covid-19 #VenezuelaCombateAlCovid19 http://radiocayaurima.org.ve/llegan-a-venezuela-10-mil-pruebas-diagnosticas-de-covid-19/",,,#24Mar #VenezuelaCombateAlCovid19,1242475202170310661,https://twitter.com/CAYAURIMARTV/status/1242475202170310661
2020-03-24 15:17:43,elpachicoruiz,,1,57,11,"24Mar Feliz y Grandioso Día Hermanos Tuiteros Ya Sabes Quedarse en Casa y Tomar las Previsiones Contra el COVID19 #VenezuelaCombateAlCovid19 @NicolasMaduro @elpachicoruiz @amelia74698445 @Danny99953332 @Leovimildo @L15261221 @DanielMar195",,@NicolasMaduro @elpachicoruiz @amelia74698445 @Danny99953332 @Leovimildo @L15261221 @DanielMar195,#VenezuelaCombateAlCovid19,1242470658010996736,https://twitter.com/elpachicoruiz/status/1242470658010996736
2020-03-24 15:01:43,elpachicoruiz,,0,34,5,"24Mar Feliz Día Guerreros y Guerreras de la Patria Digna En Batalla Ya Sabes Quedarse en Casa y Tomar las Previsiones Contra el COVID19 #VenezuelaCombateAlCovid19 @NicolasMaduro @elpachicoruiz @amelia74698445 @Danny99953332 @Leovimildo @L15261221 @DanielMar195",,@NicolasMaduro @elpachicoruiz @amelia74698445 @Danny99953332 @Leovimildo @L15261221 @DanielMar195,#VenezuelaCombateAlCovid19,1242466630245871616,https://twitter.com/elpachicoruiz/status/1242466630245871616
2020-03-24 14:53:43,correodelsurcom,,0,0,2,"#Ahora Las personas no presentan síntomas de covid-19 y llegaron desde Pisiga con escoltas de seguridad https://correodelsur.com/local/20200324_la-villa-bolivariana-recibe-a-los-chuquisaquenos-repatriados-de-chile.html vía @correodelsurcom",,@correodelsurcom,#Ahora,1242464618099834880,https://twitter.com/correodelsurcom/status/1242464618099834880
2020-03-24 14:39:27,correodelsurcom,,1,5,6,"#SucreAhora Las personas no presentan síntomas de covid-19 y cumplirán el aislamiento por protocolo. https://correodelsur.com/local/20200324_chuquisaquenos-repatriados-de-chile-llegan-a-la-capital-para-ser-aislados.html vía @correodelsurcom",,@correodelsurcom,#SucreAhora,1242461028400668675,https://twitter.com/correodelsurcom/status/1242461028400668675
2020-03-24 14:36:22,elpachicoruiz,,0,30,4,"24Mar Camaradas Muchos Exitos este Martes Quédate en Casa y Toma las Previsiones Contra el COVID19 #VenezuelaCombateAlCovid19 @NicolasMaduro @elpachicoruiz @amelia74698445 @Danny99953332 @Leovimildo @AntoniaEscalon8 @Gonzalo5279 @JOSEASTUDILLO2 @LeonciaUrbanej9 @Tiziana2025",,@NicolasMaduro @elpachicoruiz @amelia74698445 @Danny99953332 @Leovimildo @AntoniaEscalon8 @Gonzalo5279 @joseastudillo2 @LeonciaUrbanej9 @Tiziana2025,#VenezuelaCombateAlCovid19,1242460253557600257,https://twitter.com/elpachicoruiz/status/1242460253557600257
2020-03-24 14:25:37,elpachicoruiz,,0,14,4,"24Mar Feliz Martes Apreciado Patriotas Dignos Quédate en Casa y Tomar las Previsiones Contra el COVID19 #TrumpLevantaLasSancionesYa @NicolasMaduro @elpachicoruiz @amelia74698445 @Danny99953332 @Leovimildo @AntoniaEscalon8 @Gonzalo5279 @JOSEASTUDILLO2 @LeonciaUrbanej9 @Tiziana2025",,@NicolasMaduro @elpachicoruiz @amelia74698445 @Danny99953332 @Leovimildo @AntoniaEscalon8 @Gonzalo5279 @joseastudillo2 @LeonciaUrbanej9 @Tiziana2025,#TrumpLevantaLasSancionesYa,1242457545127661568,https://twitter.com/elpachicoruiz/status/1242457545127661568
2020-03-24 13:00:46,CAYAURIMARTV,,0,0,0,"#24Mar | Aumentan a 84 casos de Covid-19 en Venezuela y entra en vigencia plan especial en la Región Capital #TrumpLevantaLasSancionesYa http://radiocayaurima.org.ve/aumentan-a-84-casos-de-covid-19-en-venezuela-y-entra-en-vigencia-plan-especial-en-la-region-capital/",,,#24Mar #TrumpLevantaLasSancionesYa,1242436192920055808,https://twitter.com/CAYAURIMARTV/status/1242436192920055808
2020-03-24 12:49:06,elAlfer,ActualidadRT,0,0,0,"Muy lindo pero si sigue asi lo van a terminando matando y no precisamente los virus del covid19...",,,,1242433257624539137,https://twitter.com/elAlfer/status/1242433257624539137
2020-03-24 12:26:35,BolivarDiputado,oscarabp,0,10,9,"Excelente gestión d @oscarabp en nuestra hermana República del Perú. El gentilicio vzlano se impone ante esta terrible pandemia COVID-19 q vive el mundo, producto d regímenes comunistas, q solo buscan permanecer en el poder, haciendo lo q sea sin importarles las consecuencias ",,@oscarabp,,1242427592881442818,https://twitter.com/BolivarDiputado/status/1242427592881442818
2020-03-24 12:05:26,CAYAURIMARTV,,0,1,0,"#24Mar | Instituciones públicas garantizan protección social ante Covid-19 #TrumpLevantaLasSancionesYa http://radiocayaurima.org.ve/instituciones-publicas-garantizan-proteccion-social-ante-covid-19/",,,#24Mar #TrumpLevantaLasSancionesYa,1242422266811633664,https://twitter.com/CAYAURIMARTV/status/1242422266811633664
2020-03-24 10:20:48,PCivil_Cumana,,0,1,2,"#Enterate | YO CUMANÁ Nos mantenemos activos conjuntamente con los organismos de seguridad dándole la batalla al COVID-19 mediante el Plan de Limpieza Profunda y Desinfección de calles a los locales y edificios de nuestra ciudad #SoloQueremosSalvarVidas",,,#Enterate #SoloQueremosSalvarVidas,1242395935256317958,https://twitter.com/PCivil_Cumana/status/1242395935256317958
2020-03-24 10:00:10,cirmil_cumana,,0,1,1,"Nuestra Querida Venezuela se une en Oración contra la lucha del Coronavirus COVID 19 con el Encendido de Cruces del Warairarepano y la FANB como muestra de la FE de nuestro Pueblo Bolivariano en esta Batalla Espiritual Venceremos ",,,,1242390741927813125,https://twitter.com/cirmil_cumana/status/1242390741927813125
2020-03-24 09:38:49,PCivil_Cumana,,1,1,1,"#Entérate Conjuntamente con @pcivilsucre y Bomberos Aeronauticos se realizó despliegue en el Hospital Universitario Antonio Patricio de Alcalá de Cumaná, recinto Centinela con la finalidad de realizar desinfeccion como medida preventiva ante el COVID-19 #SoloQueremosSalvarVidas",,@pcivilsucre,#Ent #SoloQueremosSalvarVidas,1242385371566084096,https://twitter.com/PCivil_Cumana/status/1242385371566084096
2020-03-24 04:39:55,Pamysoled,,0,0,0,"#ATENCIÓN #BOLIVIA #CORONAVIRUS #COVID19 Se acaba de procesar los últimos datos de Coronavirus al cierre de la jornada de hoy. El detalle de éste #AnálisisEstadístico es comparar la evolución de ambos países con la… https://www.instagram.com/p/B-GlXBbgVKY/?igshid=1jcscehy81jhf",,,#ATENCI #BOLIVIA #CORONAVIRUS #COVID19 #An,1242310150968532992,https://twitter.com/Pamysoled/status/1242310150968532992
2020-03-24 03:51:33,elpachicoruiz,,0,6,1,"23Mar Dulce Sueños Valientes Tuiteros Quédate en Casa y Toma las Previsiones Contra COVID19 #TrumpLevantaLasSancionesYa @NicolasMaduro @elpachicoruiz @amelia74698445 @Danny99953332 @Leovimildo @AntoniaEscalon8 @RastaBinghi @Gonzalo5279 @JOSEASTUDILLO2 @DanielMar195 @Tiziana2025",,@NicolasMaduro @elpachicoruiz @amelia74698445 @Danny99953332 @Leovimildo @AntoniaEscalon8 @RastaBinghi @Gonzalo5279 @joseastudillo2 @DanielMar195 @Tiziana2025,#TrumpLevantaLasSancionesYa,1242297976946479104,https://twitter.com/elpachicoruiz/status/1242297976946479104
2020-03-24 03:48:51,elpachicoruiz,,0,4,1,"23Mar Feliz Noche Amigos Tuiteros Quedarse en Casa y Tomen las Previsiones Contra el COVID19 #TrumpLevantaLasSancionesYa @NicolasMaduro @elpachicoruiz @amelia74698445 @Danny99953332 @Leovimildo @AntoniaEscalon8 @RastaBinghi @Gonzalo5279 @JOSEASTUDILLO2 @DanielMar195 @Tiziana2025",,@NicolasMaduro @elpachicoruiz @amelia74698445 @Danny99953332 @Leovimildo @AntoniaEscalon8 @RastaBinghi @Gonzalo5279 @joseastudillo2 @DanielMar195 @Tiziana2025,#TrumpLevantaLasSancionesYa,1242297300275171328,https://twitter.com/elpachicoruiz/status/1242297300275171328
2020-03-23 23:50:35,elpachicoruiz,,0,29,4,"23Mar Feliz Noche Con Mucha Energía a Quedarse en Casa y Tomar las Previsiones Contra el COVID19 #TrumpLevantaLasSancionesYa @NicolasMaduro @elpachicoruiz @amelia74698445 @Danny99953332 @Leovimildo @AntoniaEscalon8 @RastaBinghi @Gonzalo5279 @JOSEASTUDILLO2 @brazon04",,@NicolasMaduro @elpachicoruiz @amelia74698445 @Danny99953332 @Leovimildo @AntoniaEscalon8 @RastaBinghi @Gonzalo5279 @joseastudillo2 @brazon04,#TrumpLevantaLasSancionesYa,1242237335732989952,https://twitter.com/elpachicoruiz/status/1242237335732989952
2020-03-23 23:23:52,elpachicoruiz,,0,21,2,"23Mar Feliz y Grandiosa Noche Camaradas y Tuiteros vamos a Quedarse en Casa y Tomar las Previsiones Contra el COVID19 #TrumpLevantaLasSancionesYa @NicolasMaduro @elpachicoruiz @amelia74698445 @Danny99953332 @Leovimildo @AntoniaEscalon8 @RastaBinghi @Gonzalo5279 @JOSEASTUDILLO2",,@NicolasMaduro @elpachicoruiz @amelia74698445 @Danny99953332 @Leovimildo @AntoniaEscalon8 @RastaBinghi @Gonzalo5279 @joseastudillo2,#TrumpLevantaLasSancionesYa,1242230612972494848,https://twitter.com/elpachicoruiz/status/1242230612972494848
2020-03-23 22:47:38,elpachicoruiz,,0,23,1,"23Mar Feliz Tarde Mucha Disciplina Quédate en Casa y Toma las Previsiones Contra el COVID19 #TrumpLevantaLasSancionesYa @NicolasMaduro @elpachicoruiz @amelia74698445 @Danny99953332 @Leovimildo @AntoniaEscalon8 @RastaBinghi @Gonzalo5279 @JOSEASTUDILLO2 @SimnGuzmn7 @fertelocuenta",,@NicolasMaduro @elpachicoruiz @amelia74698445 @Danny99953332 @Leovimildo @AntoniaEscalon8 @RastaBinghi @Gonzalo5279 @joseastudillo2 @SimnGuzmn7 @fertelocuenta,#TrumpLevantaLasSancionesYa,1242221495784480770,https://twitter.com/elpachicoruiz/status/1242221495784480770
2020-03-23 22:39:23,AbmnerJ,,0,0,0,"@JeanineAnez después de estas declaraciones de AMLO, ya sabe que los mexicanos no pueden entrar a Bolivia sin su análisis que conste que no tiene el Covid19. ",,@JeanineAnez,,1242219417066442757,https://twitter.com/AbmnerJ/status/1242219417066442757
2020-03-23 22:27:48,elpachicoruiz,,1,55,10,"23Mar Buenas Tardes TuiterosPatriotas Ya Sabes Quedarse en Casa y Tomar las Previsiones Contra el COVID19 #TrumpLevantaLasSancionesYa @NicolasMaduro @elpachicoruiz @amelia74698445 @Danny99953332 @Leovimildo @AntoniaEscalon8 @RastaBinghi @Gonzalo5279 @JOSEASTUDILLO2",,@NicolasMaduro @elpachicoruiz @amelia74698445 @Danny99953332 @Leovimildo @AntoniaEscalon8 @RastaBinghi @Gonzalo5279 @joseastudillo2,#TrumpLevantaLasSancionesYa,1242216502566281221,https://twitter.com/elpachicoruiz/status/1242216502566281221
2020-03-23 21:02:25,CAYAURIMARTV,,0,6,1,"#23Mar | Estado venezolano cuenta con insumos para atender a 115 mil posibles contagiados por Covid-19 #TrumpLevantaLasSancionesYa http://radiocayaurima.org.ve/estado-cuenta-con-los-medicamentos-para-atender-a-115-mil-posibles-contagiados-por-coronavirus/",,,#23Mar #TrumpLevantaLasSancionesYa,1242195015138455553,https://twitter.com/CAYAURIMARTV/status/1242195015138455553
2020-03-23 20:49:48,CAYAURIMARTV,,0,4,1,"#23Mar | Alcalde de Benítez orienta a su pueblo acerca del Covid-19 #TrumpLevantaLasSancionesYa http://radiocayaurima.org.ve/alcalde-de-benitez-orienta-a-su-pueblo-acerca-del-covid-19/",,,#23Mar #TrumpLevantaLasSancionesYa,1242191842206191621,https://twitter.com/CAYAURIMARTV/status/1242191842206191621
2020-03-23 20:30:53,elpachicoruiz,,0,73,12,"23Mar Buenas Tardes EJÉRCITO TUITERO Ya Sabes Quedarse en Casa y Tomar las Previsiones Contra el COVID19 #TrumpLevantaLasSancionesYa @NicolasMaduro @elpachicoruiz @amelia74698445 @Danny99953332 @L15261221 @josemar35657504 @solimar81777521 @AntoniaEscalon8 @RastaBinghi @bbchavista",,@NicolasMaduro @elpachicoruiz @amelia74698445 @Danny99953332 @L15261221 @josemar35657504 @solimar81777521 @AntoniaEscalon8 @RastaBinghi @bbchavista,#TrumpLevantaLasSancionesYa,1242187079011926016,https://twitter.com/elpachicoruiz/status/1242187079011926016
2020-03-23 20:11:15,elpachicoruiz,,1,94,18,"23Mar Buenas Tardes a todos los Tuiteros Activos Ya Sabes Quedarse en Casa y Tomar las Previsiones Contra el COVID19 #TrumpLevantaLasSancionesYa @NicolasMaduro @elpachicoruiz @amelia74698445 @Danny99953332 @L15261221 @josemar35657504 @solimar81777521 @AntoniaEscalon8 @RastaBinghi",,@NicolasMaduro @elpachicoruiz @amelia74698445 @Danny99953332 @L15261221 @josemar35657504 @solimar81777521 @AntoniaEscalon8 @RastaBinghi,#TrumpLevantaLasSancionesYa,1242182140177125377,https://twitter.com/elpachicoruiz/status/1242182140177125377
2020-03-23 19:00:27,GNB_Sucre,,0,41,38,"#23Mar En esta dura batalla contra el COVID 19 el encendido de las cruces del Waraira Repano y de la FANB, simbolizan fe, amor y esperanza que el pueblo venezolano posee. #TrumpLevantaLasSancionesYa GNBPrevenciónYSolidaridad",,,#23Mar #TrumpLevantaLasSancionesYa,1242164322991845378,https://twitter.com/GNB_Sucre/status/1242164322991845378
2020-03-23 19:00:26,GNB_Sucre,,0,50,47,"#QuédateEnCasa prevenir el #Covid-19 es tarea de todos #23Mar #TrumpLevantaLasSancionesYa LaFanbPorElPueblo GNBPrevenciónYSolidaridad #FANB #GNB",,,#Qu #Covid #23Mar #TrumpLevantaLasSancionesYa #FANB #GNB,1242164319288283138,https://twitter.com/GNB_Sucre/status/1242164319288283138
2020-03-23 18:07:27,CAYAURIMARTV,,0,3,0,"#23Mar | Venezuela se une en oración contra el covid-19 #TrumpLevantaLasSancionesYa http://radiocayaurima.org.ve/venezuela-se-une-en-oracion-contra-el-covid-19/",,,#23Mar #TrumpLevantaLasSancionesYa,1242150982798192649,https://twitter.com/CAYAURIMARTV/status/1242150982798192649
2020-03-23 18:02:31,Edwin_Urizar,,0,0,0,"#GrupoFIDES #CoronavirusBo Ministro Murillo: ""de confirmarse que la persona que fue diagnosticada en Cochabamba participó de un evento social (boda) será encarcelada por atentado contra la salud de la población"" lo dijo textual ""ni bien se recupere del COVID-19 irá a la cárcel"" ",,,#GrupoFIDES #CoronavirusBo,1242149743960211464,https://twitter.com/Edwin_Urizar/status/1242149743960211464
2020-03-23 18:02:15,paolasubi,,0,0,0,"Enseñando a los más pequeños de la casa acerca del COVID-19 ",,,,1242149676385787915,https://twitter.com/paolasubi/status/1242149676385787915
2020-03-23 16:24:50,elpachicoruiz,,0,72,11,"23Mar Feliz Día Hermanos Tuiteros Quédate en Casa y Toma las Previsiones Contra el COVID19 #TrumpLevantaLasSancionesYa @NicolasMaduro @elpachicoruiz @amelia74698445 @Danny99953332 @L15261221 @SimnGuzmn7 @fertelocuenta @Leovimildo @josemar35657504 @solimar81777521 @AntoniaEscalon8",,@NicolasMaduro @elpachicoruiz @amelia74698445 @Danny99953332 @L15261221 @SimnGuzmn7 @fertelocuenta @Leovimildo @josemar35657504 @solimar81777521 @AntoniaEscalon8,#TrumpLevantaLasSancionesYa,1242125159110250496,https://twitter.com/elpachicoruiz/status/1242125159110250496
2020-03-23 16:12:58,elpachicoruiz,,0,29,5,"23Mar Feliz Día Guerreros Dignos Quédate en Casa y Tomar las Previsiones Contra el COVID19#TrumpLevantaLasSancionesYa @NicolasMaduro @elpachicoruiz @amelia74698445 @Danny99953332 @L15261221 @SimnGuzmn7 @fertelocuenta @Leovimildo @josemar35657504 @solimar81777521 @AntoniaEscalon8",,@NicolasMaduro @elpachicoruiz @amelia74698445 @Danny99953332 @L15261221 @SimnGuzmn7 @fertelocuenta @Leovimildo @josemar35657504 @solimar81777521 @AntoniaEscalon8,,1242122174057648129,https://twitter.com/elpachicoruiz/status/1242122174057648129
2020-03-23 15:52:22,cuatachin,,0,0,0,"se produce una ralentización en el crecimiento económico tanto en países desarrollados como emergentes, es decir el crecimiento económico ha sido afectado, el desempleo está por encima de su nivel estructura, producto del fenómeno (COVID - 19) del corona virus ..saludos.",,,,1242116991806210048,https://twitter.com/cuatachin/status/1242116991806210048
2020-03-23 15:39:22,CAYAURIMARTV,,0,3,0,"#23Mar | Gobierno nacional radicaliza cuarentena para prevenir propagación del Covid-19 #TrumpLevantaLasSancionesYa http://radiocayaurima.org.ve/gobierno-nacional-radicaliza-cuarentena-para-prevenir-propagacion-del-covid-19/",,,#23Mar #TrumpLevantaLasSancionesYa,1242113718890237957,https://twitter.com/CAYAURIMARTV/status/1242113718890237957
2020-03-23 15:25:54,CAYAURIMARTV,,0,1,0,"#23Mar | Registrados 77 casos de Covid-19 en Venezuela #TrumpLevantaLasSancionesYa http://radiocayaurima.org.ve/registrados-77-casos-de-covid-19-en-venezuela/",,,#23Mar #TrumpLevantaLasSancionesYa,1242110327946436613,https://twitter.com/CAYAURIMARTV/status/1242110327946436613
2020-03-23 14:39:09,elpachicoruiz,,1,235,35,"23Mar Feliz Lunes Camarada Quédate en Casa y Toma las Previsiones Contra el COVID19 #TrumpLevantaLasSancionesYa @NicolasMaduro @elpachicoruiz @amelia74698445 @Danny99953332 @Patria05200405 @L15261221 @SimnGuzmn7 @dacasmbi @bbchavista @fertelocuenta @Leovimildo @solimar81777521",,@NicolasMaduro @elpachicoruiz @amelia74698445 @Danny99953332 @Patria05200405 @L15261221 @SimnGuzmn7 @dacasmbi @bbchavista @fertelocuenta @Leovimildo @solimar81777521,#TrumpLevantaLasSancionesYa,1242098564525887493,https://twitter.com/elpachicoruiz/status/1242098564525887493
2020-03-23 14:33:13,ramiromn,,0,0,0,"IBCE :: Automotoras fabricarán respiradores para covid-19 ",,,,1242097070045048833,https://twitter.com/ramiromn/status/1242097070045048833
2020-03-23 14:24:47,elpachicoruiz,,0,57,10,"23Mar Feliz Lunes Ya Sabes Quedarse en Casa y Tomar las Previsiones Contra el COVID19 #TrumpLevantaLasSancionesYa @NicolasMaduro @elpachicoruiz @amelia74698445 @Danny99953332 @Patria05200405 @L15261221 @SimnGuzmn7 @dacasmbi @bbchavista @fertelocuenta @Leovimildo @solimar81777521",,@NicolasMaduro @elpachicoruiz @amelia74698445 @Danny99953332 @Patria05200405 @L15261221 @SimnGuzmn7 @dacasmbi @bbchavista @fertelocuenta @Leovimildo @solimar81777521,#TrumpLevantaLasSancionesYa,1242094948465467392,https://twitter.com/elpachicoruiz/status/1242094948465467392
2020-03-23 13:01:38,BolivarDiputado,,8,163,154,"Salvase quien pueda. Sin gas, y también sin comida. Con COVID-19, pero también con el sector salud x el suelo. En q benefician esas medidas? Libreto perverso del régimen para mantenerse en el poder. Carl Marx: los pueblos en crisis cambian sus derechos x una necesidad. @jguaido",,@jguaido,,1242074023825215491,https://twitter.com/BolivarDiputado/status/1242074023825215491
2020-03-23 12:31:03,Aguilar_C,,0,0,0,"La edad de los afectados por el COVID-19 ",,,,1242066328317497344,https://twitter.com/Aguilar_C/status/1242066328317497344
2020-03-23 11:34:36,correodelsurcom,,0,1,3,"Los actos cívicos escolares programados para el 23 de Marzo fueron suspendidos como una medida de prevención por el covid-19 https://correodelsur.com/sociedad/20200323_23-de-marzo-entre-el-coronavirus-y-la-memoria-historica.html vía @correodelsurcom",,@correodelsurcom,,1242052121098321928,https://twitter.com/correodelsurcom/status/1242052121098321928
2020-03-23 02:59:50,Moon_Chris00,CFValverde,0,0,0,"#BOLIVIA toma conciencia, estamos en momentos cruciales @Covid19_Time el mejor lugar para informarse del avance esto no es un juego caray!!!",,@Covid19_Time,#BOLIVIA,1241922577259474944,https://twitter.com/Moon_Chris00/status/1241922577259474944
2020-03-23 01:44:02,elpachicoruiz,,0,22,4,"22Mar Hasta Mañana Quédate en Casa y Toma las Previsiones Contra el COVID19 #PrevenciónYSolidaridad @NicolasMaduro @elpachicoruiz @amelia74698445 @Danny99953332 @Patria05200405 @fertelocuenta @Leovimildo @Josemar35657504 @Jairoro30391780 @dacasmbi @L15261221 @AntoniaEscalon8",,@NicolasMaduro @elpachicoruiz @amelia74698445 @Danny99953332 @Patria05200405 @fertelocuenta @Leovimildo @josemar35657504 @jairoro30391780 @dacasmbi @L15261221 @AntoniaEscalon8,#Prevenci,1241903500247928832,https://twitter.com/elpachicoruiz/status/1241903500247928832
2020-03-23 01:26:44,elpachicoruiz,,0,32,2,"22Mar Feliz Noche Tuiteros de Venezuela Quedate en Casa y Tomar las Previsiones Contra el COVID19 #PrevenciónYSolidaridad @NicolasMaduro @elpachicoruiz @amelia74698445 @Danny99953332 @Patria05200405 @fertelocuenta @Leovimildo @Josemar35657504 @Jairoro30391780 @dacasmbi @L15261221",,@NicolasMaduro @elpachicoruiz @amelia74698445 @Danny99953332 @Patria05200405 @fertelocuenta @Leovimildo @josemar35657504 @jairoro30391780 @dacasmbi @L15261221,#Prevenci,1241899147915137026,https://twitter.com/elpachicoruiz/status/1241899147915137026
2020-03-22 23:18:24,elpachicoruiz,,0,16,3,"22Mar Feliz Noche Valientes Tuiteros Quedarse en Casa y Tomar las Previsiones Contra el COVID19 #PrevenciónYSolidaridad @NicolasMaduro @elpachicoruiz @amelia74698445 @Danny99953332 @Patria05200405 @fertelocuenta @Leovimildo @Josemar35657504 @Jairoro30391780 @dacasmbi @SimnGuzmn7",,@NicolasMaduro @elpachicoruiz @amelia74698445 @Danny99953332 @Patria05200405 @fertelocuenta @Leovimildo @josemar35657504 @jairoro30391780 @dacasmbi @SimnGuzmn7,#Prevenci,1241866849618452483,https://twitter.com/elpachicoruiz/status/1241866849618452483
2020-03-22 22:40:30,elpachicoruiz,,0,22,7,"22Mar Feliz Noche Con Mucha Energía a Quedarse en Casa y Tomar las Previsiones Contra el COVID19 #PrevenciónYSolidaridad @NicolasMaduro @elpachicoruiz @amelia74698445 @Danny99953332 @Patria05200405 @fertelocuenta @Leovimildo @Josemar35657504 @Jairoro30391780 @dacasmbi @SimnGuzmn7",,@NicolasMaduro @elpachicoruiz @amelia74698445 @Danny99953332 @Patria05200405 @fertelocuenta @Leovimildo @josemar35657504 @jairoro30391780 @dacasmbi @SimnGuzmn7,#Prevenci,1241857311204880387,https://twitter.com/elpachicoruiz/status/1241857311204880387
2020-03-22 21:52:27,elpachicoruiz,,0,37,6,"22Mar Bendecida Tarde Con Mucha Disciplina Quedarse en Casa y Tomar las Previsiones Contra el COVID19 #PrevenciónYSolidaridad @NicolasMaduro @elpachicoruiz @amelia74698445 @Danny99953332 @Patria05200405 @L15261221 @fertelocuenta @Leovimildo @Josemar35657504 @AntoniaEscalon8",,@NicolasMaduro @elpachicoruiz @amelia74698445 @Danny99953332 @Patria05200405 @L15261221 @fertelocuenta @Leovimildo @josemar35657504 @AntoniaEscalon8,#Prevenci,1241845221446619136,https://twitter.com/elpachicoruiz/status/1241845221446619136
2020-03-22 21:40:32,GNB_Sucre,,0,64,59,"Con la finalidad de establecer los controles sanitarios para evitar la propagación del COVID-19 efectivos del @GNB_D531Sucre instalaron un Punto de Atención Al Ciudadano en las inmediaciones del terminal del municipio Sucre #PrevenciónYSolidaridad #GNB",,@GNB_D531Sucre,#Prevenci #GNB,1241842220866600960,https://twitter.com/GNB_Sucre/status/1241842220866600960
2020-03-22 21:40:02,elpachicoruiz,,1,26,3,"22Mar Buenas Tardes TuiterosPatriotas Ya Sabes Quedarse en Casa y Tomar las Previsiones Contra el COVID19 #PrevenciónYSolidaridad @NicolasMaduro @elpachicoruiz @amelia74698445 @Danny99953332 @Patria05200405 @L15261221 @fertelocuenta @Leovimildo @Josemar35657504 @AntoniaEscalon8",,@NicolasMaduro @elpachicoruiz @amelia74698445 @Danny99953332 @Patria05200405 @L15261221 @fertelocuenta @Leovimildo @josemar35657504 @AntoniaEscalon8,#Prevenci,1241842094324490240,https://twitter.com/elpachicoruiz/status/1241842094324490240
2020-03-22 21:12:41,PCivil_Cumana,,0,4,2," 𝙄𝙣𝙛𝙤́𝙧𝙢𝙖𝙩𝙚 En el presente video te mostramos algunas recomendaciones para reducir el riesgo de infección del Coronavirus COVID19 Nuestro deber es prevenir! ¡𝐓𝐎𝐌𝐀 𝐏𝐑𝐄𝐂𝐀𝐔𝐂𝐈𝐎́𝐍 ! #SoloQueremosSalvarVidas #PrevencionYSolidaridad",,,#SoloQueremosSalvarVidas #PrevencionYSolidaridad,1241835211119382540,https://twitter.com/PCivil_Cumana/status/1241835211119382540
2020-03-22 21:07:14,correodelsurcom,,4,6,17,"Si bien no presentan síntomas de covid-19, el protocolo marca que deben ser aislados en sus domicilios. https://correodelsur.com/local/20200322_aislan-a-siete-personas-procedentes-de-chile.html vía @correodelsurcom",,@correodelsurcom,,1241833842538876931,https://twitter.com/correodelsurcom/status/1241833842538876931
2020-03-22 20:30:05,elpachicoruiz,,0,34,6,"22Mar Buenas Tardes Quedate en Casa y Toma Previsiones Contra el COVID19 #PrevenciónYSolidaridad @NicolasMaduro @elpachicoruiz @amelia74698445 @Danny99953332 @Patria05200405 @L15261221 @dacasmbi @Yensix2537 @bbchavista @fertelocuenta @Leovimildo @solimar81777521 @Josemar35657504",,@NicolasMaduro @elpachicoruiz @amelia74698445 @Danny99953332 @Patria05200405 @L15261221 @dacasmbi @Yensix2537 @bbchavista @fertelocuenta @Leovimildo @solimar81777521 @josemar35657504,#Prevenci,1241824490469969921,https://twitter.com/elpachicoruiz/status/1241824490469969921
2020-03-22 20:17:23,elpachicoruiz,,0,33,9,"22Mar Buenas Tardes Quédate en Casa y Toma Previsiones Contra el COVID19 #PrevenciónYSolidaridad @NicolasMaduro @elpachicoruiz @amelia74698445 @Danny99953332 @Patria05200405 @L15261221 @dacasmbi @Yensix2537 @bbchavista @fertelocuenta @Leovimildo @solimar81777521 @Josemar35657504",,@NicolasMaduro @elpachicoruiz @amelia74698445 @Danny99953332 @Patria05200405 @L15261221 @dacasmbi @Yensix2537 @bbchavista @fertelocuenta @Leovimildo @solimar81777521 @josemar35657504,#Prevenci,1241821294175367168,https://twitter.com/elpachicoruiz/status/1241821294175367168
2020-03-22 19:16:39,VentCarupano,VenteVenezuela,0,0,2,"Creando conciencia, seamos solidarios... Acata las medidas de prevención, para evitar la propagación del Coronavirus (COVID-19). #HasloPorEllos",,,#HasloPorEllos,1241806010177785856,https://twitter.com/VentCarupano/status/1241806010177785856
2020-03-22 16:49:19,elpachicoruiz,,0,43,7,"22Mar Feliz y Grandioso Día Hermanos Tuiteros Ya Sabes Quedarse en Casa y Tomar las Previsiones Contra el COVID19 #PrevenciónYSolidaridad @NicolasMaduro @elpachicoruiz @amelia74698445 @Danny99953332 @AntoniaEscalon8 @Patria05200405 @L15261221 @danielojeda350",,@NicolasMaduro @elpachicoruiz @amelia74698445 @Danny99953332 @AntoniaEscalon8 @Patria05200405 @L15261221 @danielojeda350,#Prevenci,1241768936011677702,https://twitter.com/elpachicoruiz/status/1241768936011677702
2020-03-22 16:48:39,rosvito32,,0,0,0,"@niclas maduro. Acá en chacopata edo sucre no tenemos como hacer pruebas para el covid 19 asistencia ya por favor.",,@niclas,,1241768765072777216,https://twitter.com/rosvito32/status/1241768765072777216
2020-03-22 16:13:06,mita_erick,,0,1,11,"Con carácter de urgencia el Gobierno debe comprar test o pruebas rápidas para COVID19, así se actuara inmediatamente o descartara casos sospechosos. Imitemos a los países que tuvieron éxito en la lucha contra el virus!!!",,,,1241759821562613760,https://twitter.com/mita_erick/status/1241759821562613760
2020-03-22 14:38:05,elpachicoruiz,,0,26,3,"22Mar Feliz Domingo Patriotas Dignos Ya Sabes Quedarse en Casa y Tomar las Previsiones Contra el COVID19 #PrevenciónYSolidaridad @NicolasMaduro @elpachicoruiz @amelia74698445 @Danny99953332 @SimnGuzmn7 @Yensix2537 @mjtrezza1 @bbchavista @fertelocuenta @Patria05200405 @L15261221",,@NicolasMaduro @elpachicoruiz @amelia74698445 @Danny99953332 @SimnGuzmn7 @Yensix2537 @mjtrezza1 @bbchavista @fertelocuenta @Patria05200405 @L15261221,#Prevenci,1241735909227335680,https://twitter.com/elpachicoruiz/status/1241735909227335680
2020-03-22 14:31:54,CAYAURIMARTV,,0,8,0,"#22Mar | Cerrarán limites territoriales de Sucre para cortar expansión del Covid-19 #PrevenciónYSolidaridad http://radiocayaurima.org.ve/cerraran-limites-territoriales-de-sucre-para-cortar-expansion-del-covid-19/",,,#22Mar #Prevenci,1241734353425752064,https://twitter.com/CAYAURIMARTV/status/1241734353425752064
2020-03-22 14:14:01,CAYAURIMARTV,,0,13,0,"#22Mar | Supervisadas medidas de prevención de Covid-19 en el eje de Paria #PrevenciónYSolidaridad #QuédateEnCasa http://radiocayaurima.org.ve/supervisadas-medidas-de-prevencion-de-covid-19-en-el-eje-de-paria/",,,#22Mar #Prevenci #Qu,1241729853629640704,https://twitter.com/CAYAURIMARTV/status/1241729853629640704
2020-03-22 13:46:11,CAYAURIMARTV,,0,0,0,"#22Mar | Presidente Maduro se solidariza con Europa y EE.UU a causa del Covid-19 #QuédateEnCasa http://radiocayaurima.org.ve/presidente-maduro-se-solidariza-con-europa-y-ee-uu-a-causa-del-covid-19/",,,#22Mar #Qu,1241722847900381185,https://twitter.com/CAYAURIMARTV/status/1241722847900381185
2020-03-22 13:35:45,CAYAURIMARTV,,0,0,0,"#22Mar | Jorge Rodríguez confirma un total de 70 casos de COVID-19 en Venezuela #QuédateEnCasa http://radiocayaurima.org.ve/jorge-rodriguez-confirma-un-total-de-70-casos-de-covid-19-en-venezuela/",,,#22Mar #Qu,1241720222417072128,https://twitter.com/CAYAURIMARTV/status/1241720222417072128
2020-03-22 11:57:01,correodelsurcom,,2,2,11,"Las cifras no dejan de aumentar en Italia, que encabeza el triste ranking de fallecidos en el mundo por el Covid-19, con 4.825, 793 más en solo 24 horas, cuando se cumple un mes de la detección del brote en el norte del país. https://correodelsur.com/mundo/20200322_china-italia-y-espana-llevan-cifras-mas-altas-del-covid-19.html vía @correodelsurcom",,@correodelsurcom,,1241695375569887232,https://twitter.com/correodelsurcom/status/1241695375569887232
2020-03-22 04:41:03,Moon_Chris00,Covid19_Time,0,0,2,"La oigo y solo pienso España un país mucho más preparado que el mio y estan asi.... Que pasara con nosotros",,,,1241585659867017217,https://twitter.com/Moon_Chris00/status/1241585659867017217
2020-03-22 03:33:13,covid19mx2,covid19mx2,2,2,25,"Como dice @ChumelTorres ciertamente ""esta administración es una pinche tragedia""",,@ChumelTorres,,1241568587803959298,https://twitter.com/covid19mx2/status/1241568587803959298
2020-03-22 03:31:22,covid19mx2,covid19mx2,1,2,8,"Pobres pequeños...ellos también :(",,,,1241568124178219008,https://twitter.com/covid19mx2/status/1241568124178219008
2020-03-22 03:28:57,covid19mx2,covid19mx2,2,1,10,"o lo habrá contagiado aquí?",,,,1241567513432993793,https://twitter.com/covid19mx2/status/1241567513432993793
2020-03-22 03:27:18,covid19mx2,covid19mx2,1,4,22,"apenas ayer el C Secretario estuvo con @lopezobrador_",,@lopezobrador_,,1241567100331843584,https://twitter.com/covid19mx2/status/1241567100331843584
2020-03-22 03:19:24,yeli_requena,,0,4,1,"#LiberenADarvinson Informar no es un delito. El periodista Darvinson Rojas permanece detenido por ofrecer datos sobre el avance del Covid-19 en Venezuela.",,,#LiberenADarvinson,1241565110772039681,https://twitter.com/yeli_requena/status/1241565110772039681
2020-03-22 03:18:34,Alexisgerardino,,0,1,0,"Aqui en Venezuela el covid 19; muto a covid sin gasolina,covidsin gas,covid sin luz,covid son real, covid sin ley,covid sin agua,covid sin seguridad,etc",,,,1241564900826189829,https://twitter.com/Alexisgerardino/status/1241564900826189829
2020-03-22 03:15:23,covid19mx2,,1,0,1,"Vamos a contar los casos positivos en @SRE_mx!",,@SRE_mx,,1241564099441561602,https://twitter.com/covid19mx2/status/1241564099441561602
2020-03-22 03:12:00,covid19mx2,covid19mx2,2,7,41,"el viernes te reuniste con gente de la organización que vinieron de Japón, en la que se sabe estuvo @m_ebrard así que cuéntenle cuántos voy a contagiar",,@m_ebrard,,1241563247716831233,https://twitter.com/covid19mx2/status/1241563247716831233
2020-03-22 03:10:58,covid19mx2,LopezCasarinJ,1,8,40,"Siii siii muy preocupados todos claro que deberian estarlo porque están cerca de un mentiroso! El jueves de la semana pasada tuviste reunión en SRE para cancelar tu evento STS forum (que no querías cancelar)",,,,1241562988068376576,https://twitter.com/covid19mx2/status/1241562988068376576
2020-03-22 02:33:24,elpachicoruiz,,0,24,7,"21Mar Feliz Noche y Dulce Sueños Tuiteros Hasta Mañana y Ya Sabes Quedarse en Casa y Tomar las Previsiones Contra el COVID19#CuarentenaEnFamilia @NicolasMaduro @elpachicoruiz @amelia74698445 @Danny99953332 @JoseS01104226 @SimnGuzmn7 @Yensix2537 @LoraineMachica @danielojeda350",,@NicolasMaduro @elpachicoruiz @amelia74698445 @Danny99953332 @JoseS01104226 @SimnGuzmn7 @Yensix2537 @LoraineMachica @danielojeda350,,1241553534010765312,https://twitter.com/elpachicoruiz/status/1241553534010765312
2020-03-22 00:44:38,elpachicoruiz,,0,56,15,"21Mar Feliz Noche Para Todos Los Amigos Tuiteros De La Patria a Quedarse en Casa y Tomar las Previsiones Contra el COVID19 #CuarentenaEnFamilia @NicolasMaduro @elpachicoruiz @amelia74698445 @Danny99953332 @JoseS01104226 @SimnGuzmn7 @Yensix2537 @LoraineMachica @danielojeda350",,@NicolasMaduro @elpachicoruiz @amelia74698445 @Danny99953332 @JoseS01104226 @SimnGuzmn7 @Yensix2537 @LoraineMachica @danielojeda350,#CuarentenaEnFamilia,1241526164180684800,https://twitter.com/elpachicoruiz/status/1241526164180684800
2020-03-22 00:40:01,RobinsonSucre,,0,2,2,"La #Prevención es la clave en la lucha contra el #Covid_19. #YoMeQuedoEnCasa #JuntosEnLaPrevencion #LaPrevencionEsLaClave #LaSolidaridadVenceAlCoronavirus @NicolasMaduro @psuvaristobulo @EdwinRojasM @MPPEDUCACION @Sociabolivarian @MisinRobinsonP2 @phrankmata",,@NicolasMaduro @psuvaristobulo @EdwinRojasM @MPPEDUCACION @Sociabolivarian @MisinRobinsonP2 @phrankmata,#Prevenci #Covid_19 #YoMeQuedoEnCasa #JuntosEnLaPrevencion #LaPrevencionEsLaClave #LaSolidaridadVenceAlCoronavirus,1241525003310563328,https://twitter.com/RobinsonSucre/status/1241525003310563328
2020-03-22 00:24:39,luannitapress,,0,2,0,"#deÚltimo El @MinSaludBolivia confirma un nuevo caso de #coronavirus en #SantaCruz es un joven que llegó de #EEUU. Con ello suman 20 casos positivos de #Covid_19 en #Bolivia. #AnibalCruz dijo que aún existen 46 casos sospechosos y 120 descartados.",,@MinSaludBolivia,#de #coronavirus #SantaCruz #EEUU #Covid_19 #Bolivia #AnibalCruz,1241521133339447296,https://twitter.com/luannitapress/status/1241521133339447296
2020-03-21 23:17:55,eliancavr,,0,0,2,"Definitivamente hace falta una verdadera bata blanca, no psiquiátrico digo psiquiatra, que nos dé un buen reporte de #Covid_19 en Venezuela.",,,#Covid_19,1241504339849551873,https://twitter.com/eliancavr/status/1241504339849551873
2020-03-21 23:13:21,elpachicoruiz,,0,109,9,"21Mar Feliz Noche Con Mucha Energía a Quedarse en Casa y Tomar las Previsiones Contra el COVID19 #CuarentenaEnFamilia @NicolasMaduro @elpachicoruiz @amelia74698445 @Danny99953332 @JoseS01104226 @SimnGuzmn7 @mjtrezza1 @LoraineMachica @LeonciaUrbanej9",,@NicolasMaduro @elpachicoruiz @amelia74698445 @Danny99953332 @JoseS01104226 @SimnGuzmn7 @mjtrezza1 @LoraineMachica @LeonciaUrbanej9,#CuarentenaEnFamilia,1241503191084253184,https://twitter.com/elpachicoruiz/status/1241503191084253184
2020-03-21 22:54:22,elpachicoruiz,,0,81,8,"21Mar Feliz Noche Tropa de Tuiteros por su Esfuerzo por Vzla a Quedarse en Casa y Tomar las Previsiones Contra el COVID19 #CuarentenaEnFamilia @NicolasMaduro @elpachicoruiz @amelia74698445 @Danny99953332 @JoseS01104226 @SimnGuzmn7 @mjtrezza1 @LoraineMachica @LeonciaUrbanej9",,@NicolasMaduro @elpachicoruiz @amelia74698445 @Danny99953332 @JoseS01104226 @SimnGuzmn7 @mjtrezza1 @LoraineMachica @LeonciaUrbanej9,#CuarentenaEnFamilia,1241498412907933698,https://twitter.com/elpachicoruiz/status/1241498412907933698
2020-03-21 22:53:57,andrestar10,,0,2,8,"Reporten desde su cuadra como se vive la cuarentena, En @Sincelejo @Venecia se acata el aislamiento preventivo, neutralizaremos el covid 19. ",,@sincelejo @venecia,,1241498309799395328,https://twitter.com/andrestar10/status/1241498309799395328
2020-03-21 22:19:20,PCivil_Cumana,,0,9,1," ¡𝐄𝐒 𝐂𝐎𝐍𝐓𝐈𝐆𝐎! Ante cualquier duda o consulta acerca del nuevo virus de infección respiratoria aguda COVID-19 ponemos a disposición del público en general atención telefónica 0800-VIGILAN (0800-8444526) y 0800-COVID19 (0800-2684319) Vía @Mippcivzla #CuarentenaEnFamilia",,@Mippcivzla,#CuarentenaEnFamilia,1241489595847540741,https://twitter.com/PCivil_Cumana/status/1241489595847540741
2020-03-21 22:03:17,elpachicoruiz,,0,90,24,"21Mar Buenas Tardes✩UNIDAD✩LUCHA✫BATALLA✵ Y ✫VICTORIA Ya Sabes Quedarse en Casa y Tomar las Previsiones Contra el COVID19 #CuarentenaEnFamilia @NicolasMaduro @elpachicoruiz @amelia74698445 @Danny99953332 @JoseS01104226 @SimnGuzmn7 @mjtrezza1 @LoraineMachica @LeonciaUrbanej9",,@NicolasMaduro @elpachicoruiz @amelia74698445 @Danny99953332 @JoseS01104226 @SimnGuzmn7 @mjtrezza1 @LoraineMachica @LeonciaUrbanej9,#CuarentenaEnFamilia,1241485559933079553,https://twitter.com/elpachicoruiz/status/1241485559933079553
2020-03-21 21:57:48,PCivil_Cumana,,0,3,1," 𝑺𝒂𝒃𝒊́𝒂𝒔 𝒒𝒖𝒆 El coronavirus (Covid-19) puede causar enfermedades que van desde formas leves de resfriado común hasta formas más graves como neumonías o síndrome respiratorio agudo severo. Vía @Mippcivzla #CuarentenaEnFamilia",,@Mippcivzla,#CuarentenaEnFamilia,1241484180472696833,https://twitter.com/PCivil_Cumana/status/1241484180472696833
2020-03-21 21:44:59,elpachicoruiz,,0,26,6,"21Mar Buenas Tardes Apreciados TUITEROSACTIVOS Ya Sabes Quedarse en Casa y Tomar las Previsiones Contra el COVID19 #CuarentenaEnFamilia @NicolasMaduro @elpachicoruiz @amelia74698445 @Danny99953332 @JoseS01104226 @Leovimildo @SimnGuzmn7 @mjtrezza1 @LoraineMachica",,@NicolasMaduro @elpachicoruiz @amelia74698445 @Danny99953332 @JoseS01104226 @Leovimildo @SimnGuzmn7 @mjtrezza1 @LoraineMachica,#CuarentenaEnFamilia,1241480953790423045,https://twitter.com/elpachicoruiz/status/1241480953790423045
2020-03-21 21:41:39,yeli_requena,,0,0,0,"El vigente campeón de la Fórmula 1, Lewis Hamilton, dijo que ha estado en aislamiento voluntario durante más de una semana luego de que estuvo en contacto con personas que dieron positivo por Covid-19.",,,,1241480112740188166,https://twitter.com/yeli_requena/status/1241480112740188166
2020-03-21 21:34:18,yeli_requena,lsanz19,0,1,0,"El ex presidente del Real Madrid, Lorenzo Sanz, ha fallecido este sábado a sus 76 años a causa del Covid-19 ",,,,1241478262833938436,https://twitter.com/yeli_requena/status/1241478262833938436
2020-03-21 19:37:13,elpachicoruiz,,0,25,3,"21Mar Buenos Tardes EJÉRCITO DE TUITEROS A Quedarse en Casa y Tomar las Previsiones Contra el COVID19 #LaSolidaridadVenceAlCoronavirus @NicolasMaduro @elpachicoruiz @amelia74698445 @Danny99953332 @JoseS01104226 @Leovimildo @danielojeda350 @SimnGuzmn7 @mjtrezza1 @LoraineMachica",,@NicolasMaduro @elpachicoruiz @amelia74698445 @Danny99953332 @JoseS01104226 @Leovimildo @danielojeda350 @SimnGuzmn7 @mjtrezza1 @LoraineMachica,#LaSolidaridadVenceAlCoronavirus,1241448798553100288,https://twitter.com/elpachicoruiz/status/1241448798553100288
2020-03-21 19:29:35,PCivil_Cumana,,0,3,0," ¡𝐄𝐒 𝐂𝐎𝐍𝐓𝐈𝐆𝐎 ! La clave contra en corona virus es la prevención! La cuarentena social es el médicamento más efectivo que existe para prevenir el COVID19 Salga a la calle para estrictamente lo necesario #CuarentenaEnFamilia #SoloQueremosSalvarVidas",,,#CuarentenaEnFamilia #SoloQueremosSalvarVidas,1241446877331173376,https://twitter.com/PCivil_Cumana/status/1241446877331173376
2020-03-21 19:20:40,elpachicoruiz,,0,62,7,"21Mar Buenas Tardes Tuiteros Activos Ya Sabes Quedarse en Casa y Tomar las Previsiones Contra el COVID19 #LaSolidaridadVenceAlCoronavirus @NicolasMaduro @elpachicoruiz @amelia74698445 @Danny99953332 @JoseS01104226 @Leovimildo @danielojeda350 @SimnGuzmn7 @mjtrezza1 @LoraineMachica",,@NicolasMaduro @elpachicoruiz @amelia74698445 @Danny99953332 @JoseS01104226 @Leovimildo @danielojeda350 @SimnGuzmn7 @mjtrezza1 @LoraineMachica,#LaSolidaridadVenceAlCoronavirus,1241444636335452160,https://twitter.com/elpachicoruiz/status/1241444636335452160
2020-03-21 17:32:04,matadesorden,ErikaOSanoja,0,1,0,"Al parecer esa es la jugada nefasta d la derecha colombiana tratar d llevar a la salud venezolana al colapso estas imágenes causa preocupación a los q estamos aca cuantos pueden estar en ese grupo contagiados Se debe activar una contingencia muy drástica para contener al covid-19",,,,1241417303998246912,https://twitter.com/matadesorden/status/1241417303998246912
2020-03-21 17:23:41,eliasboubou,,0,0,0,"#Covid_19 Muy injusto que a nuestros adultos mayores los dejen a un lado en una clínica para atender a los más jóvenes, acaso todo el trabajo que han hecho a lo largo de su vida no vale?",,,#Covid_19,1241415196448567302,https://twitter.com/eliasboubou/status/1241415196448567302
2020-03-21 16:11:22,andrestar10,,0,0,0,"Hoy no prevalece ningún color político, hoy @petrogustavo es importante para colombia, lo mismo que @AlvaroUribeVel, pero tu, vales lo mismo que ellos, por eso te invito a que nos unamos, acatemos la cuarentena, hagámoslo juntos y neutralicemos al covid 19.",,@petrogustavo @AlvaroUribeVel,,1241396995421503490,https://twitter.com/andrestar10/status/1241396995421503490
2020-03-21 16:09:15,VentCarupano,,0,0,3,"A pesar de lo que está ocurriendo mundialmente con el Coronavirus (COVID-19), no podemos olvidar a aquellas personas auténticas. Hoy celebramos el Día del Síndrome de Down. Hagamos conciencia, no diferencias. ",,,,1241396465114796033,https://twitter.com/VentCarupano/status/1241396465114796033
2020-03-21 16:06:38,elpachicoruiz,,1,98,7,"21Mar Feliz Día Guerreros y Guerreras de la Patria Digna En Batalla Ya Sabes Quedarse en Casa y Tomar las Previsiones Contra el COVID19 #CuarentenaEnFamilia @NicolasMaduro @elpachicoruiz @amelia74698445 @Danny99953332 @L15261221 @JoseS01104226 @SimnGuzmn7 @danielojeda350",,@NicolasMaduro @elpachicoruiz @amelia74698445 @Danny99953332 @L15261221 @JoseS01104226 @SimnGuzmn7 @danielojeda350,#CuarentenaEnFamilia,1241395803253551106,https://twitter.com/elpachicoruiz/status/1241395803253551106
2020-03-21 16:05:36,andrestar10,,0,1,1,"Covid 19, nos ha enseñado q todos somos iguales, vemos personas con dinero infectadas, en los supermercados hace la fila el q tiene dinero y el que no, mraleja: hay q tomar medida para humanizar esta generación y cuidar nuestro habitad. Dios existe y esta esperando q le busques.",,,,1241395544108531713,https://twitter.com/andrestar10/status/1241395544108531713
2020-03-21 15:49:09,elpachicoruiz,,0,78,6,"21Mar Feliz Día Guerreros y Guerreras de la Patria Digna En Batalla Ya Sabes Quedarse en Casa y Tomar las Previsiones Contra el COVID19 #CuarentenaEnFamilia @NicolasMaduro @elpachicoruiz @amelia74698445 @Danny99953332 @L15261221 @JoseS01104226 @SimnGuzmn7 @danielojeda350",,@NicolasMaduro @elpachicoruiz @amelia74698445 @Danny99953332 @L15261221 @JoseS01104226 @SimnGuzmn7 @danielojeda350,#CuarentenaEnFamilia,1241391406263996416,https://twitter.com/elpachicoruiz/status/1241391406263996416
2020-03-21 14:54:14,elpachicoruiz,,0,98,21,"21Mar Camaradas les deseo Exitos este Sábado Ya Sabes Quedarse en Casa y Tomar las Previsiones Contra el COVID19 #CuarentenaEnFamilia @NicolasMaduro @elpachicoruiz @amelia74698445 @Danny99953332 @L15261221 @joserui92931422 @JoseS01104226 @Leovimildo @Gonzalo5279 @ANDREIN76699681",,@NicolasMaduro @elpachicoruiz @amelia74698445 @Danny99953332 @L15261221 @joserui92931422 @JoseS01104226 @Leovimildo @Gonzalo5279 @ANDREIN76699681,#CuarentenaEnFamilia,1241377582613966849,https://twitter.com/elpachicoruiz/status/1241377582613966849
2020-03-21 14:34:44,LuisGVenezuela,,0,0,0,"Lo interesante es que aliados de EEUU en Extremo Oriente, como Japón le dan la razón. En febrero cadena japonesa Asahi News afirmó que, en efecto, coronavirus se originó en EEUU y no en China, y algunos de 14.000 muertos atribuidos a gripe estacional fueron causados por Covid19",,,,1241372677971075072,https://twitter.com/LuisGVenezuela/status/1241372677971075072
2020-03-21 14:32:19,elpachicoruiz,,0,17,3,"21Mar Feliz Sábado Patriotas Dignos A Quedarse en Casa y Tomar las Previsiones Contra el COVID19 #LaSolidaridadVenceAlCoronavirus @NicolasMaduro @elpachicoruiz @amelia74698445 @Danny99953332 @L15261221 @joserui92931422 @JoseS01104226 @Leovimildo @Gonzalo5279 @ANDREIN76699681",,@NicolasMaduro @elpachicoruiz @amelia74698445 @Danny99953332 @L15261221 @joserui92931422 @JoseS01104226 @Leovimildo @Gonzalo5279 @ANDREIN76699681,#LaSolidaridadVenceAlCoronavirus,1241372070765891586,https://twitter.com/elpachicoruiz/status/1241372070765891586
2020-03-21 11:43:16,LuisGVenezuela,JORGE800,2,2,14,"Despues que la CDC de USA reconocio ante la camara de representantes de su pasi que ""algunos"" casos diagnosticados como neumonia o influenza resultaron positivos para Covid19 en el examen postmortem sin decir cuantos ni desde cuando (en ese momento USA decia no tener casos)",,,,1241329525419577345,https://twitter.com/LuisGVenezuela/status/1241329525419577345
2020-03-21 08:35:16,LuisGVenezuela,LuisGVenezuela,0,1,0,"Podrán inventar sobre Los Roques lo que quieran En esta fiesta se infectaron con Coronavirus mucho de los casos que aparecen en Venezuela! Y se burlaron del Covid19! ",,,,1241282213645152256,https://twitter.com/LuisGVenezuela/status/1241282213645152256
2020-03-21 08:32:20,LuisGVenezuela,,0,1,0,"Una fiesta en Dominicana origen de la infeccion por Covid19 A esa se refería el Presidente Maduro ",,,,1241281477876297728,https://twitter.com/LuisGVenezuela/status/1241281477876297728
2020-03-21 05:10:41,PabloArizagaR,,1,0,3,"¡ESTAMOS A TIEMPO! Hasta este momento afortunadamente no tenemos casos reportados de Covid-19 en nuestra ciudad; el hecho de quedarnos en casa es una gran medida y responsabilidad personal que estamos asumiendo, sin embargo para entender mejor;",,,,1241230731243814913,https://twitter.com/PabloArizagaR/status/1241230731243814913
2020-03-21 04:23:33,doctorleo2785,,8,70,88,"Pandemia Covid-19 en Colombia: Salario básico de profesionales en batalla: Médico: 2.400.000 Enfermera Jefe: 1.400.000 Terapista Respiratoria: 1.200.000 Aux. Enfermería: 1.050.000 Total: 6.050.000 Congresistas acostados en cuarentena: 34.500.000 Diferencia: 28.450.000",,,,1241218868930060289,https://twitter.com/doctorleo2785/status/1241218868930060289
2020-03-21 04:00:12,Mike_037,,1,0,3,"la verdad en el MAS no se sabe quién da más pena. si sus dirigentes o la gente que hace caso de todas sus barrabasadas! habría que meter presos 24 horas a esos dirigentillos que andan diciendo que el covid 19 es político! esta gente carece de educación!",,,,1241212992617840640,https://twitter.com/Mike_037/status/1241212992617840640
2020-03-21 02:20:10,Moon_Chris00,malu_yl,0,0,0,"@Covid19_Time nose que debemos hacer. La indiocracia está ganando en ese lugar. Poniendo en peligro a un país",,@Covid19_Time,,1241187817352462344,https://twitter.com/Moon_Chris00/status/1241187817352462344
2020-03-21 02:19:17,bunguiburundi,OxlackCastro,0,0,0,"No descarto eso me gustaría pero no podemos negar la gravedad de la situación con el Covid-19, la verdad es que a los japoneses lo unico que les importa es que vean lo grande,avanzado,desarrollado que esta su pais basicamente solo es orgullo no quieren admitir suspension",,,,1241187595134083073,https://twitter.com/bunguiburundi/status/1241187595134083073
2020-03-21 02:17:56,elpachicoruiz,,0,19,4,"20Mar Tuiteros Patriotas Feliz Dulce Sueños Ya Sabes Quedarse en Casa y Tomar las Previsiones Contra el COVID19 #LaSolidaridadVenceAlCoronavirus @NicolasMaduro @elpachicoruiz @amelia74698445 @Danny99953332 @L15261221 @joserui92931422 @JoseS01104226 @danielOjeda350 @Leovimildo",,@NicolasMaduro @elpachicoruiz @amelia74698445 @Danny99953332 @L15261221 @joserui92931422 @JoseS01104226 @danielojeda350 @Leovimildo,#LaSolidaridadVenceAlCoronavirus,1241187255617761280,https://twitter.com/elpachicoruiz/status/1241187255617761280
2020-03-21 02:06:39,elpachicoruiz,,0,17,4,"20Mar Feliz Noche a Los Amigos Tuiteros De La Patria a Quedarse en Casa y Tomar las Previsiones Contra el COVID19 #LaSolidaridadVenceAlCoronavirus @NicolasMaduro @elpachicoruiz @amelia74698445 @Danny99953332 @L15261221 @joserui92931422 @JoseS01104226 @danielOjeda350 @Leovimildo",,@NicolasMaduro @elpachicoruiz @amelia74698445 @Danny99953332 @L15261221 @joserui92931422 @JoseS01104226 @danielojeda350 @Leovimildo,#LaSolidaridadVenceAlCoronavirus,1241184416719941633,https://twitter.com/elpachicoruiz/status/1241184416719941633
2020-03-21 01:50:57,capiptocarupano,,0,2,1,"#LaPrevenciónEsLaClave || la mejor forma de contribuir a contener la propagación del #Covid_19 es quedándote en tu casa. La cuarentena es crucial para combatir este nuevo coronavirus. #QuédateEnTuCasa",,,#LaPrevenci #Covid_19 #Qu,1241180464921989120,https://twitter.com/capiptocarupano/status/1241180464921989120
2020-03-21 01:47:22,capiptocarupano,,0,4,2,"#LaPrevenciónEsLaClave || Lavarse las manos frecuentemente contribuye a evitar el contagio del #Covid_19 #GMTV",,,#LaPrevenci #Covid_19 #GMTV,1241179561913724928,https://twitter.com/capiptocarupano/status/1241179561913724928
2020-03-21 01:13:47,elpachicoruiz,,0,48,10,"20Mar Feliz Noche Con Mucha Energía a Quedarse en Casa y Tomar las Previsiones Contra el COVID19 #LaSolidaridadVenceAlCoronavirus @NicolasMaduro @elpachicoruiz @amelia74698445 @Danny99953332 @L15261221 @joserui92931422 @JoseS01104226 @danielOjeda350",,@NicolasMaduro @elpachicoruiz @amelia74698445 @Danny99953332 @L15261221 @joserui92931422 @JoseS01104226 @danielojeda350,#LaSolidaridadVenceAlCoronavirus,1241171110512791557,https://twitter.com/elpachicoruiz/status/1241171110512791557
2020-03-21 01:01:58,elpachicoruiz,,1,49,7,"20Mar Feliz Noche Tropa de Tuiteros por su Compromiso con Vzla a Quedarse en Casa y Tomar las Previsiones Contra el COVID19#LaSolidaridadVenceAlCoronavirus @NicolasMaduro @elpachicoruiz @amelia74698445 @Danny99953332 @L15261221 @joserui92931422 @JoseS01104226 @danielOjeda350",,@NicolasMaduro @elpachicoruiz @amelia74698445 @Danny99953332 @L15261221 @joserui92931422 @JoseS01104226 @danielojeda350,,1241168138496081920,https://twitter.com/elpachicoruiz/status/1241168138496081920
2020-03-20 21:01:06,drtapiavargas,,0,0,0,"La #salud ante todo, si no tienes urgencia de operarte no te operes, Si un #paciente que está desarrollando la enfermedad del #covid_19 se opera, automáticamente contamina todo el circuito de ese equipo y ese equipo… https://www.instagram.com/p/B9-DGZcpq47/?igshid=1jacl8iagntq3",,,#salud #paciente #covid_19,1241107523068928000,https://twitter.com/drtapiavargas/status/1241107523068928000
2020-03-16 16:19:59,drtapiavargas,,0,0,0,"Se mantiene vigente la plataforma de orientación e información contra el COVID 19 .... en #clinicavaserlipo en #sucre #bolivia #elartedetrasdelaciencia ceci.vicini en Dr. Ignacio Tapia Vargas Cirujano Plastico https://www.instagram.com/p/B9zQlDUJCHh/?igshid=v3fy1fr6bj6l",,,#clinicavaserlipo #sucre #bolivia #elartedetrasdelaciencia,1239587226306084864,https://twitter.com/drtapiavargas/status/1239587226306084864
