date,username,to,replies,retweets,favorites,text,geo,mentions,hashtags,id,permalink
2020-03-18 20:32:26,aarios7,,1,0,2,"banistmo anuncia soluciones especiales para sus clientes, ante los impactos derivados del COVID-19... https://banistmo.info/solucionesespeciales #Banistmo #Covid-19 #ElBuenestarDeTodosEsLaPrioridad… https://www.instagram.com/p/B943WAlh2W-/?igshid=ecofdkjmjxob",,,#Banistmo #Covid #ElBuenestarDeTodosEsLaPrioridad,1240375531947929604,https://twitter.com/aarios7/status/1240375531947929604
2020-03-18 20:23:22,DJPeanutwao,,0,0,0,"En estado de emergencia todos tenemos que sacrificarnos y ser solidarios! #covid_19 en Fort Clayton, Panama, Panama https://www.instagram.com/p/B942TzchyRG/?igshid=1rm8g1qi5vf8q",,,#covid_19,1240373250158444546,https://twitter.com/DJPeanutwao/status/1240373250158444546
2020-03-18 18:45:06,alchorrera,,0,0,0,"Acatando las normas sanitarias en prevención del COVID-19, el Alcalde Tomás Velásquez Correa, en coordinación con autoridades de salud, Policía Nacional, realizan operativo para enviar a sus hogares a toda persona… https://www.instagram.com/p/B94rD7oJ9Dd/?igshid=uj9jts9dccir",,,,1240348522291044353,https://twitter.com/alchorrera/status/1240348522291044353
2020-03-18 12:20:54,luisorc2577,,0,0,1,"Ante la crisis de Salud que nos enfrentamos producto del COVID-19, acciones como esta son las correctas, brindan algo de tranquilidad y paz mental a parte del pueblo panameño, que tiene sus compromisos financieros con esta entidad bancaria, ojalá otros imiten lo mismo. – at Ciudad de Panamá",,,,1240251832246640640,https://twitter.com/luisorc2577/status/1240251832246640640
2020-03-18 12:01:14,DJPeanutwao,,0,0,0,"Espantando el #coronavirus #covid_19 hablando serio mi experiencia en artes marciales y el ejercicio puedo decir que al agregar el trabajo mental (concentración) coordinado con la respiración genera buenos resultados… https://www.instagram.com/p/B938yk9gvxO/?igshid=k67ohe1jis34",,,#coronavirus #covid_19,1240246883244785664,https://twitter.com/DJPeanutwao/status/1240246883244785664
2020-03-18 05:04:50,ismaelpty,,0,0,0,"Mantengamos vivo el gremio de los eventos #gremioeventosunidos #nohayeventoscovid19 #todocanceladoxcovid19 #elartediopositivo #eventosenoffcovid19 #sos #sospanama #auxilio #help #covıd19… https://www.instagram.com/p/B93NMMZh5ATeqb4mX4SGhDBd5TISBYb0vBu7NE0/?igshid=turaxjvl6pkz",,,#gremioeventosunidos #nohayeventoscovid19 #todocanceladoxcovid19 #elartediopositivo #eventosenoffcovid19 #sos #sospanama #auxilio #help #cov,1240142094108327939,https://twitter.com/ismaelpty/status/1240142094108327939
2020-03-18 01:06:09,ViverosJireh,,0,0,1," VIVEROS JIREH anuncia el cierre de nuestros locales en La Chorrera y en El Limón de Campana, como medida preventiva al COVID-19, hasta nuevo aviso. Les mantendremos informados ##TequeremosSano… https://www.instagram.com/p/B92x4CWJa6D/?igshid=an5awml77nbr",,,#TequeremosSano,1240082027564511232,https://twitter.com/ViverosJireh/status/1240082027564511232
2020-03-18 00:26:22,jessmontero21,,0,0,0,"La duración del coronavirus en superficies es una de las preguntas que más nos seguís haciendo... ¿los paquetes que provienen de China podrían estar infectados con el coronavirus que causa COVID-19? ¿el virus dura… https://www.instagram.com/p/B92tUl2JpSo/?igshid=1gn1uqyhvcvfs",,,,1240072013273796608,https://twitter.com/jessmontero21/status/1240072013273796608
2020-03-17 23:39:54,dtodoi,,0,0,0,"NACIONAL: Rosa es la Médica Virtual del Minsa inclúyela en tu agenda Telefonica y por medio del Whataaps le haces preguntas en relación al Covid 19. . #news #noticias #panama #coronavirus en Panama City, Panama https://www.instagram.com/p/B92oAYBBF3y/?igshid=688zs18l19pj",,,#news #noticias #panama #coronavirus,1240060321013923840,https://twitter.com/dtodoi/status/1240060321013923840
2020-03-17 22:22:54,GJesusCastillo,,1,0,0,"¡Se acabo la @LPFpanama! Ante los acontecimientos que continúan dándose en nuestro país y el mundo, en relación con la presencia del COVID-19 (Coronavirus), y tras un severo y detallado… https://www.instagram.com/p/B92fK68BGNJOZ-OyJeLHTUznKtZmRA9F2t9lrM0/?igshid=8dqwl6l08z8c",,@LPFpanama,,1240040943304269826,https://twitter.com/GJesusCastillo/status/1240040943304269826
2020-03-17 21:47:59,EliasSolisGon,,0,13,19,"#NuestrosVoluntarios se capacitan en desinfección y descontaminación de ambulancias y unidades básicas de socorro, en caso que @CruzRojaPanama sea requerida por el Estado y autoridades de Salud para traslado de casos sospechosos por #COVID-19 #QuédateEnCasa #LeyCruzRoja – at Cruz Roja Panameña",,@CruzRojaPanama,#NuestrosVoluntarios #COVID #Qu #LeyCruzRoja,1240032157587910656,https://twitter.com/EliasSolisGon/status/1240032157587910656
2020-03-17 20:50:04,Panamaimage1,,0,0,0,"Panamá, primer país de Iberoamérica en celebrar consejo de gobierno de forma virtual e implementar estrategia tecnológica integral para reforzar las medidas de contención ante el COViD-19 El presidente de Panamá,… https://www.instagram.com/p/B92UknuBDaO/?igshid=1fuaimc41o0xo",,,,1240017583291674631,https://twitter.com/Panamaimage1/status/1240017583291674631
2020-03-17 15:53:17,CIAES_UDELAS,,0,1,1,"Nuestros médicos, doctores @versamani y @SamuelGuevaraMD te piden que ayudes al personal de salud que día a día lucha contra el CoVid-19. #QuédateEnCasa #YoSoyUDELAS – at UDELAS • CIAES",,@versamani @SamuelGuevaraMD,#Qu #YoSoyUDELAS,1239942894963896320,https://twitter.com/CIAES_UDELAS/status/1239942894963896320
2020-03-17 14:52:50,jorgeisaacib,,0,8,22,"Hoy en el Análisis de #Radiografía por @ecotvpanama comenté el importante llamado de atención a la Asamblea con relación al COVID-19. El año pasado, esa misma AN le recortó a más del 50% el presupuesto al Instituto Gorgas, ahora son quienes nos están salvando de esta Pandemia. – at Corporación MEDCOM",,@ecotvpanama,#Radiograf,1239927680222535682,https://twitter.com/jorgeisaacib/status/1239927680222535682
2020-03-17 13:56:31,GranEvento,,0,0,1,"Pronunciamiento de asociación ante el #Coronavirus #COVID-19 Los exhortamos a guardar la calma y contribuir para que el Estado de Emergencia lo superemos lo más pronto posible. Somos un país y gremio unido. Como… https://www.instagram.com/p/B91lPf8h8fY/?igshid=1fxo8ka5965",,,#Coronavirus #COVID,1239913507090546688,https://twitter.com/GranEvento/status/1239913507090546688
2020-03-17 13:54:41,armandomocci,,19,64,159,"Ya hay cuatro médicos infectados por coronavirus #covid_19 Aquellos que creen en un ser superior por favor oren por todo el personal de salud que está al frente luchando para detener esta pandemia en Panamá… https://www.instagram.com/p/B91lCC6nr_v/?igshid=4coch3d9otzv",,,#covid_19,1239913046346207232,https://twitter.com/armandomocci/status/1239913046346207232
2020-03-17 12:41:24,lalistadeluchi,,0,0,0," #COVID19 Casos de #coronavirus en Panamá por corregimiento. #QuédateEnCasa . . Fuente @criticaenlinea en Panama City, Panama https://www.instagram.com/p/B91cpZyAfz0/?igshid=yoyi1nvseiel",,@criticaenlinea,#COVID19 #coronavirus #Qu,1239894604737957888,https://twitter.com/lalistadeluchi/status/1239894604737957888
2020-03-17 00:30:56,TraficologoO,,0,0,0,"¿Qué es la COVID-19? La COVID-19 es la enfermedad infecciosa causada por el coronavirus que se ha descubierto más recientemente. Tanto el nuevo virus como la enfermedad eran desconocidos antes de que estallara el… https://www.instagram.com/p/B90JDPcpz_a/?igshid=pzca20lq6kk",,,,1239710775347949570,https://twitter.com/TraficologoO/status/1239710775347949570
2020-03-16 23:10:41,EDUASOTO,,3,2,8,"Conferencia Episcopal Panameña @IglesiaPA instruye sobre la forma correcta de recibir la comunión. #IglesiaPA #Covid19 – at Panama",,@IglesiaPA,#IglesiaPA #Covid19,1239690580671770624,https://twitter.com/EDUASOTO/status/1239690580671770624
2020-03-16 18:37:28,lalistadeluchi,,0,0,0," Lamentamos la confusión que se ha generado, reiteramos que estos son los establecimientos que permanecerán cerrados a partir del Lunes 16 de marzo 2020. Seguimos unidos en la lucha contra el #COVID19… https://www.instagram.com/p/B9zgmdAgRuV/?igshid=b58dyyljjr11",,,#COVID19,1239621824968867842,https://twitter.com/lalistadeluchi/status/1239621824968867842
2020-03-16 17:52:59,quehaypahoy_pty,,0,0,0,"Seguir las recomendaciones del minsapma es prioridad en este momento. Calma, es tiempo de reflexión, debemos cuidarnos, y así cuidar de todos quedándonos en casa. Unidos podemos luchar contra el COVID-19. Saldremos… https://www.instagram.com/p/B9zbdIVndBR/?igshid=edhotrj4zcq3",,,,1239610628408573953,https://twitter.com/quehaypahoy_pty/status/1239610628408573953
2020-03-16 16:01:40,Johnx2R,,0,0,1," Quédate En Casa, Ayúdanos! #CSAlcaldeDiaz #Coronavirus #Covid19 @Alcalde Díaz https://www.instagram.com/p/B9zOxDTBeunulEeq4A5Mnaehh662aLqqco7J8I0/?igshid=ohrqr2v8zdjx",,,#CSAlcaldeDiaz #Coronavirus #Covid19,1239582613901369347,https://twitter.com/Johnx2R/status/1239582613901369347
2020-03-16 15:53:48,JametAnglin,,0,0,0," Leve #bbq para despedir el fin de semana en casa y en cuarentena jajaja #yolo #millerlight #quedateencasa #coronavirus #quedateentucasa #yomequedoencasa #staythefuckhome #covid_19 #coronavirusenpanama… https://www.instagram.com/p/B9zN3n-n0Jq/?igshid=1g7y0utpoq864",,,#bbq #yolo #millerlight #quedateencasa #coronavirus #quedateentucasa #yomequedoencasa #staythefuckhome #covid_19 #coronavirusenpanama,1239580636995674113,https://twitter.com/JametAnglin/status/1239580636995674113
2020-03-16 13:36:13,ALERTA911PANAMA,,0,0,0,"PREVENCIÓN DEL COVID-19 EN CENTROS DE TRABAJO SEGUN O.S.H.A Lunes 16 de Marzo de 2020 5PM 6PM 7PM Transmisión en vivo: https://www.facebook.com/Proyectosyseguridad/ en Panama City, Panama https://www.instagram.com/p/B9y-H-YhvxX/?igshid=2eas99qdkr42",,,,1239546012903104513,https://twitter.com/ALERTA911PANAMA/status/1239546012903104513
2020-03-16 01:47:03,luisantonio2593,,0,0,11,"Por ustedes!! Héroes Anónimos #Covid-19 – at Ciudad de Panamá",,,#Covid,1239367544013762560,https://twitter.com/luisantonio2593/status/1239367544013762560
2020-03-16 00:21:53,djalexpty,,0,0,0,"¡CUÍDENSE FAMILIA! #LavateLasManos #QuedateEnCasa #CuidaALosTuyos #CoronaVirus #Covid-19 #DeEstaSalimos en Corporación Medcom https://www.instagram.com/p/B9xjHa_jwbf/?igshid=mqf8fjyx5avc",,,#LavateLasManos #LavateLasManos #QuedateEnCasa #CuidaALosTuyos #CoronaVirus #Covid #DeEstaSalimos,1239346112978284544,https://twitter.com/djalexpty/status/1239346112978284544
2020-03-16 00:10:46,josh_1420,,0,0,1,"¡Tú! Panameño Que Puedes #QuedateEnCasa #Ayudanos #Hepoth #NurseLife #DocLife #Coronavirus #Covid19 #en Hospital De Especialidades Pediatricas O.T.H https://www.instagram.com/p/B9xh8lche7ayFIVQkbhxkWYnT3DdTjv18IvTPI0/?igshid=1gcu4jfrg004g",,,#QuedateEnCasa #Ayudanos #Hepoth #NurseLife #DocLife #Coronavirus #Covid19,1239343314593333248,https://twitter.com/josh_1420/status/1239343314593333248
2020-03-15 23:07:23,vjmoi,,0,0,0,"El Gremio De Eventos PRODTEC se pronuncia y pide al estado soluciones ante la crisis que sufre el mercado de Empresas de Audiovisual y sus trabajadores generada por la llegada del COVID-19. #gremioeventosunidos… https://www.instagram.com/p/B9xascUhIjt/?igshid=it8eyovlukq6",,,#gremioeventosunidos,1239327364208898052,https://twitter.com/vjmoi/status/1239327364208898052
2020-03-15 22:18:24,lynnsanchezv,,0,0,0,"Hoy 7:00 PM #QuédateEnCasa #Domingo #Covid19 #Panamá en Panama City, Panama https://www.instagram.com/p/B9xU76ShLjR/?igshid=m3981past9hh",,,#Qu #Domingo #Covid19 #Panam,1239315034372632576,https://twitter.com/lynnsanchezv/status/1239315034372632576
2020-03-15 21:06:27,dtodoi,,0,0,0,"MUNDO/ FARÁNDULA: La actriz mexicana realizaba la promoción de la serie de Netflix, Élite, en España cuando se desató el pánico por el avance del COVID-19. La actriz que da vida a Lu en la producción internacional… https://www.instagram.com/p/B9xM2mnBH2v/?igshid=1jao17rrv0lqm",,,,1239296926736146435,https://twitter.com/dtodoi/status/1239296926736146435
2020-03-15 21:01:49,dtodoi,,0,0,0,"MUNDO / FARÁNDULA: Belinda, Danna Paola, Poncho Herrera, entre otros famosos mexicanos, han sufrido los estragos de la rápida propagación del coronavirus COVID-19, por lo que han tenido que cancelar sus eventos,… https://www.instagram.com/p/B9xMUvuhOXs/?igshid=13kr3oadl641o",,,,1239295764712632320,https://twitter.com/dtodoi/status/1239295764712632320
2020-03-15 16:41:29,LeticiaRuizMD,,0,1,1,"Debido a emergencia nacional por COVID 19 y para limitar salidas, ofrecemos la posibilidad de realizar consulta urológica por teleconferencia, whatsapp o tel. La cita se realizará en horario de su cita presencial… https://www.instagram.com/p/B9wuh76BmFU/?igshid=jdjkdwi2txip",,,,1239230248127827968,https://twitter.com/LeticiaRuizMD/status/1239230248127827968
2020-03-15 02:37:16,ADA15_11,,0,0,2,"En casa jugando bingo #COVID19 #YoMeQuedoEnCasa #UnidosLoHacemos",,,#COVID19 #YoMeQuedoEnCasa #UnidosLoHacemos,1239017792977993729,https://twitter.com/ADA15_11/status/1239017792977993729
2020-03-15 02:37:03,jgmestrada,,0,0,0,"¿Sabes cuando usar la mascarilla? Atentos al mensaje de @cruzrojapanama #covid19 #prevencion #salvarvidas en Panama City, Panama https://www.instagram.com/p/B9vN1ciBWNw/?igshid=qzjg8nwytva8",,@CruzRojaPanama,#covid19 #prevencion #salvarvidas,1239017737894182912,https://twitter.com/jgmestrada/status/1239017737894182912
2020-03-15 02:35:55,jgmestrada,,0,0,0,"Prevención, mensaje importante de @cruzrojapanama #covid19 #prevencion #salvarvidas #quedateencasa en Panama City, Panama https://www.instagram.com/p/B9vNte1hR-O/?igshid=w4l3kaaewb1c",,@CruzRojaPanama,#covid19 #prevencion #salvarvidas #quedateencasa,1239017453272715264,https://twitter.com/jgmestrada/status/1239017453272715264
2020-03-15 01:08:56,bg_betzabel,,0,0,0,"#Repost @unicyt (@get_repost) ・・・ CAMPAÑA: CUIDEMOS A NUESTROS ABUELOS CUIDÁNDONOS A NOSOTROS MISMOS: Tu colaboración es decisiva para cortar los contagios del COVID-19 y por eso debes limitar los contactos y… https://www.instagram.com/p/B9vDz2IhSx4/?igshid=nbvc95zxln4n",,@UNICyT @get_repost,#Repost,1238995562659295232,https://twitter.com/bg_betzabel/status/1238995562659295232
2020-03-14 23:53:47,Racheligc9,,0,0,1,"Debido a la situación actual, la prioridad en salud pública es contener la propagación del COVID-19 #QuédateEnTuCasa es una de las medidas con el fin de evitar las conglomeraciones y así disminuir la transmisión del… https://www.instagram.com/p/B9u7NUOpRO3/?igshid=nr37tkdrxg3n",,,#Qu,1238976650865328128,https://twitter.com/Racheligc9/status/1238976650865328128
2020-03-14 22:46:43,chefjbito,,0,0,0,"Covid-19 2020 - Drinking a Guachimán by Cervecería Central at @mirandabakery — ",,,,1238959773061709830,https://twitter.com/chefjbito/status/1238959773061709830
2020-03-14 22:44:53,lobbyrevista,,0,0,1,"CORONAVIRUS Y GESTACIÓN. DATOS CIENTÍFICOS INDICAN QUE NO SE PRODUCE CONTAGIO VERTICAL DE EMBARAZADA A FETO. La actual propagación del Coronavirus (COVID-19) genera una alerta social a nivel global que azota a la… https://www.instagram.com/p/B9uzUznhHmF/?igshid=t2pah4s70xkn",,,,1238959312791314432,https://twitter.com/lobbyrevista/status/1238959312791314432
2020-03-14 19:44:09,ALERTA911PANAMA,,0,0,0,"PRECAUCION: El Riesgo laboral de exposición laboral al SARS-CoV-2 y el COVID-19, puede variar de riesgo muy alto a alto, medio o bajo. El nivel de riesgo depende en parte del tipo de industria, necesidad de… https://www.instagram.com/p/B9uepKih3UN/?igshid=11kj67st6tdaj",,,,1238913829972525056,https://twitter.com/ALERTA911PANAMA/status/1238913829972525056
2020-03-14 19:27:24,ALERTA911PANAMA,,0,0,0,"PRECAUCION: El Riesgo laboral de exposición laboral al SARS-CoV-2 y el COVID-19, puede variar de riesgo muy alto a alto, medio o bajo. El nivel de riesgo depende en parte del tipo de industria, necesidad de… https://www.instagram.com/p/B9ucuXQh3Ol/?igshid=1lonqj81agcbd",,,,1238909613279494145,https://twitter.com/ALERTA911PANAMA/status/1238909613279494145
2020-03-14 14:18:04,FincaTv,,0,0,0,"Reposted from @cajadeahorrospa 4 cosas importantes que debes saber sobre el #Covid19 toma en cuenta estas recomendaciones y recuerda que “La salud empieza por cada uno” Agradecemos a la Dra. Geni Hooker, de minsapma… https://www.instagram.com/p/B9t5J__pkeD/?igshid=10kdnifihspvr",,@CajadeAhorrosPA,#Covid19,1238831769065066496,https://twitter.com/FincaTv/status/1238831769065066496
2020-03-14 13:40:25,Autovpanama,,0,0,0,"Autoparabrisas Panamá se suma a todas las acciones preventivas emitidas por el Ministerio de Salud (MINSA),reforzando todas las medidas sanitarias contra el COVID-19 con la finalidad de garantizar la tranquilidad… https://www.instagram.com/p/B9t1A_Gh51N/?igshid=zj1fua1rlgcc",,,,1238822295021461504,https://twitter.com/Autovpanama/status/1238822295021461504
2020-03-13 23:41:48,GioC7pa,,0,0,0,"𝐂𝐨𝐫𝐨𝐧𝐚𝐯𝐢𝐫𝐮𝐬 Covid-19 . . . Todos conocemos las medidas preventivas para evitar el contagio: lavado de manos adecuado y constante, bañarse todos los días , desinfectar las áreas comunes , no toserle la cara a… https://www.instagram.com/p/B9sVCvBJJWc/?igshid=1unpf5glmskr9",,,,1238611246892679170,https://twitter.com/GioC7pa/status/1238611246892679170
2020-03-13 21:59:40,arrendadorae,,0,0,0,"COMUNICADO A TODOS NUESTROS CLIENTES Y AMIGOS. #SomosArrendadoraEconómica #Panamá #covid_19 en Arrendadora Económica https://www.instagram.com/p/B9sJW17FFfi/?igshid=k9xb8tmu3vjk",,,#SomosArrendadoraEcon #Panam #covid_19,1238585546022227970,https://twitter.com/arrendadorae/status/1238585546022227970
2020-03-13 20:18:42,AlvaroAlvaradoC,,7,8,28,"*Ejecutivo decreta acciones para enfrentar pandemia del COVID-19* El presidente de la República, Laurentino Cortizo Cohen, pone en cero los aranceles para la importación de insumos médicos, materias primas,… https://www.instagram.com/p/B9r9zK4Jsis/?igshid=1y3ejocb2ypf",,,,1238560137025064960,https://twitter.com/AlvaroAlvaradoC/status/1238560137025064960
2020-03-13 17:27:14,jcourvilled,,0,0,1,"Gente a cuidarse #coronavirus #covid19 #Panama #mtblife #mtb en Panama City, Panama https://www.instagram.com/p/B9rqLXHhCTE/?igshid=qxb4ot46ru00",,,#coronavirus #covid19 #Panama #mtblife #mtb,1238516983353704448,https://twitter.com/jcourvilled/status/1238516983353704448
2020-03-13 17:13:43,Fa_publica,,0,0,0,"Video por parte de la @universidad_pma donde informa a la comunidad universitaria y al pais sobre las medidas a tomas para contrarestar el #Coronavid19 #covid19. Sigue las indicaciones que dicta el minsapma. Cuida tú… https://www.instagram.com/p/B9rokdCnaqO/?igshid=jnfpeld0igc3",,@UNIVERSIDAD_PMA,#Coronavid19 #covid19,1238513584751206405,https://twitter.com/Fa_publica/status/1238513584751206405
2020-03-13 16:58:15,tipsf1,,0,0,0,"Cancelado el GP de Australia por el COVID-19 en Panama City, Panama https://www.instagram.com/p/B9rm3H1h9uH/?igshid=1u6dn9m366bw9",,,,1238509693108211714,https://twitter.com/tipsf1/status/1238509693108211714
2020-03-13 13:55:10,Miilu26,,1,0,1,"Acabe de parar un poco todo el tema del COVID-19 en Panama, y decidí escribirle a uno de mis amigos que considero hermano, saber cómo está el?, que piensa que hace? Y les doy sincera me sentí muy muy egoísta. – at La Casa del Medico",,,,1238463615281307649,https://twitter.com/Miilu26/status/1238463615281307649
2020-03-13 05:47:40,EddiePTY,,0,0,0,"Coronavirus, vete pa’ el carajo! • #coronavirus #covid19 #yousuck #byefelicia @Panama City, Panama https://www.instagram.com/p/B9qaHrcHcQd/?igshid=17byltz0pspe",,,#coronavirus #covid19 #yousuck #byefelicia,1238340934057824256,https://twitter.com/EddiePTY/status/1238340934057824256
2020-03-13 04:49:00,GunplaPanama,,0,0,0,". Estimados clientes de Gunpla Panamá.: Debido a la gran cantidad de casos a nivel mundial del COVID-19 y en vista de que ya existen varios casos confirmados en Panamá, tomaremos las siguientes medidas… https://www.instagram.com/p/B9qTZ2_Bib1/?igshid=1899vq9br7poz",,,,1238326171475021824,https://twitter.com/GunplaPanama/status/1238326171475021824
2020-03-13 01:49:11,quehaypahoy_pty,,0,0,0,"minsapma Los nuevos casos reportados son producto de la búsqueda activa entre los contactos de personas que han dado positivo al #COVID19, y otros asociados a personas que han llegado del exterior procedentes de… https://www.instagram.com/p/B9p-05CnPuM/?igshid=69y6r9rtbrgn",,,#COVID19,1238280916046360577,https://twitter.com/quehaypahoy_pty/status/1238280916046360577
2020-03-12 19:28:22,PanatronicsShop,,0,0,0," CONUNICADO En vista de la llegada del #covid19 . Hemos tomados medidas estrictas de higiene y prevención ¡Prevenir es Tarea de todos! Queremos ser parte de las soluciones acertivas . . Información adicional… https://www.instagram.com/p/B9pSt1IBk_B/?igshid=1imkvk7ix4boz",,,#covid19,1238185083477131265,https://twitter.com/PanatronicsShop/status/1238185083477131265
2020-03-12 18:02:23,ljordee,,0,0,0," ¿Cómo se propaga la COVID-19? Una persona puede contraer la COVID-19 por contacto con otra que esté infectada por el virus. La enfermedad puede propagarse de persona a persona a través de las gotículas… https://www.instagram.com/p/B9pJZ-ZpLp6/?igshid=16pcm6ele75ip",,,,1238163444962078722,https://twitter.com/ljordee/status/1238163444962078722
2020-03-12 14:25:04,VARPANET,,0,0,0,"No estamos creyendo en noticias ni en minsas ni misas #varpanetv #Covid19 #coronavirus en Panama City, Panama https://www.instagram.com/p/B9owQDHl-x5/?igshid=1aoaxa8d509hg",,,#varpanetv #Covid19 #coronavirus,1238108755620958208,https://twitter.com/VARPANET/status/1238108755620958208
2020-03-12 12:05:12,dtodoi,,0,0,0,"MUNDO: Cuba y Honduras confirman sus dos primeros casos de covid-19 . #news #noticias #panama #coronavirus en Panama City, Panama https://www.instagram.com/p/B9ogh4-BlWP/?igshid=1afvy810gxf2v",,,#news #noticias #panama #coronavirus,1238073555348262912,https://twitter.com/dtodoi/status/1238073555348262912
2020-03-12 02:40:27,CalienteRadioPa,,0,0,0,"Se confirma que el actor #TomHanks y su esposa #RitaWilson tienen coronavirus. #COVID19 #coronavirus en Panama City, Panama https://www.instagram.com/p/B9nf5b7gC9j/?igshid=1dj2n5mpgqctl",,,#TomHanks #RitaWilson #COVID19 #coronavirus,1237931430199676931,https://twitter.com/CalienteRadioPa/status/1237931430199676931
2020-03-12 01:13:19,AlvaroAlvaradoC,,14,37,76,"El panameño que visitó Puerto Rico y que dio positivo para el coronavirus COVID-19 participó del evento musical el pasado domingo miércoles, 11 de marzo de 2020 - 8:40 PM Actualizado en: miércoles, 11 de marzo de… https://www.instagram.com/p/B9nV7RBpSZx/?igshid=10vhsxxoz38tp",,,,1237909504735444992,https://twitter.com/AlvaroAlvaradoC/status/1237909504735444992
2020-03-11 21:05:12,DereckArmando25,,0,0,0,"Yo todo estudioso con mis tareas hechas para hoy y no tenemos clases hasta el 7 de abril. Ahora estoy en espera de los módulos #COVID19 #prevencioncoronavirus #school #Homeworks – at Viillalobos",,,#COVID19 #prevencioncoronavirus #school #Homeworks,1237847064517566466,https://twitter.com/DereckArmando25/status/1237847064517566466
2020-03-11 20:25:34,dtodoi,,0,0,0,"SALUD: ¿Usar gel antibacteriano o lavarte las manos? Esa es la pregunta que mucha gente se está planteando con la propagación del coronavirus covid-19. . Debido a los temores por el contagio, los geles… https://www.instagram.com/p/B9m0_schgMB/?igshid=c1b7mwp9erfv",,,,1237837088554434560,https://twitter.com/dtodoi/status/1237837088554434560
2020-03-11 19:40:28,oeipanama,,0,3,5,"¡Prevengamos JUNTOS el COVID-19! Recuerda seguir las recomendaciones del Ministerio de Salud y las redes sociales para mantenerse informado de cualquier aviso y/o comunicado oficial. – at Organización de Estados Iberoamericanos",,,,1237825739619291136,https://twitter.com/oeipanama/status/1237825739619291136
2020-03-11 18:48:23,EddiePTY,,0,0,0,"Estaremos en pausa y pronto regresamos. Prevención y responsabilidad social ante el Covid-19 #TuSaludPrimero • #EduardoLowe #ElevandoTuMarca #CiudadDePanama #pty507 @Panama City, Panama https://www.instagram.com/p/B9mp39yhj-A/?igshid=yumdf8xo2f4i",,,#TuSaludPrimero #EduardoLowe #ElevandoTuMarca #CiudadDePanama #pty507,1237812630011678721,https://twitter.com/EddiePTY/status/1237812630011678721
2020-03-11 17:33:22,CalienteRadioPa,,0,0,0,"¿Qué opinas de esta canción que hizo @japanesepty ? ¿Te parece una burla o una forma de prevención al #coronavirus? #COVID19 en Panama City, Panama https://www.instagram.com/p/B9mhPFZAo7d/?igshid=1gkhvvnv254yq",,@JapanesePTY,#coronavirus #COVID19,1237793753420763142,https://twitter.com/CalienteRadioPa/status/1237793753420763142
2020-03-11 15:41:23,dtodoi,,0,0,0,"MUNDO: Venezuela El presidente Nicolás Maduro, descartó este martes que en el país suramericano haya algún caso del nuevo coronavirus (Covid-19). . Durante un acto en Caracas (capital), el mandatario enfatizó que… https://www.instagram.com/p/B9mUebVhtrT/?igshid=b4lqvffvheci",,,,1237765573372674048,https://twitter.com/dtodoi/status/1237765573372674048
2020-03-11 13:51:24,dtodoi,,1,0,0,"MUNDO: Paraguay 2 casos confirmados. . El Ministerio de Salud de Paraguay confirmó el primer caso de COVID-19 en el país, según un anuncio en su cuenta de Twitter. . Se trata de un hombre de 32 años, quien… https://www.instagram.com/p/B9mH47zBTLn/?igshid=10is8d5p1td4n",,,,1237737895148036096,https://twitter.com/dtodoi/status/1237737895148036096
2020-03-11 13:07:47,dtodoi,,0,0,0,"NACIONAL: minsapma informa a la población que como parte del protocolo de comunicación, a partir de la confirmación del primer caso de COVID-19 en el país, se realizará una conferencia de prensa todas las tardes para… https://www.instagram.com/p/B9mC5FwBTGE/?igshid=6e8vbchmfs89",,,,1237726916670451713,https://twitter.com/dtodoi/status/1237726916670451713
2020-03-11 04:27:31,dtodoi,,0,0,0,"MUNDO: A partir de este lunes se comenzó a utilizar el término #pandemia para describir el brote actual de coronavirus Covid-19. Declarado por la OMS. #news #noticias #panama en Panama City, Panama https://www.instagram.com/p/B9lHW0FBnhh/?igshid=11kw0bel8mir7",,,#pandemia #news #noticias #panama,1237595987444523008,https://twitter.com/dtodoi/status/1237595987444523008
2020-03-11 03:12:10,Xander_2910,,0,0,2,"Ahora que se está poniendo crítica la situación del tema del #COVID-19 en Panamá, que empiecen todos los disque INFLUENCER a utilizar sus redes para concientizar en el tema. No hay canje, más si gente informada. – at El Chorrillo",,,#COVID,1237577026103472130,https://twitter.com/Xander_2910/status/1237577026103472130
2020-03-11 02:02:22,omaralfanno,,0,3,3,"APRECIADOS GOLFISTAS Y PATROCINADORES: En vista de los recientes acontecimientos relacionados con el COVID-19 y la orden emitida por el Ministerio de Salud de suspender las actividades deportivas, conciertos,… https://www.instagram.com/p/B9k2vrUpxzo/?igshid=1sj4sw6oj3tm6",,,,1237559458110160898,https://twitter.com/omaralfanno/status/1237559458110160898
2020-03-11 01:52:23,omaralfanno,,0,0,1,"APRECIADOS GOLFISTAS Y PATROCINADORES: En vista de los recientes acontecimientos relacionados con el COVID-19 y la orden emitida por el Ministerio de Salud de suspender las actividades deportivas, conciertos,… https://www.instagram.com/p/B9k1dQrJ57k/?igshid=b1ek0b7s17h1",,,,1237556947169103875,https://twitter.com/omaralfanno/status/1237556947169103875
2020-03-11 01:24:44,dtodoi,,0,0,0,"MUNDO: China realiza fuertes operativos en las unidades del tren de todas las ciudades del país asiático en busca de personas con síntomas del virus Covid-19 / #news #noticias #panama #china en Panama City, Panama https://www.instagram.com/p/B9kyS-FBEJk/?igshid=1o6kc2qmf472r",,,#news #noticias #panama #china,1237549989988990976,https://twitter.com/dtodoi/status/1237549989988990976
2020-03-11 01:10:33,dtodoi,,0,0,0,"NACIONAL: El @canaldepanama suspende la actividad programada para celebrar en la acostumbradas escalinatas de la Administración del Canal de Panamá como medida para evitar la propagación del Virus Covid-19 / #news… https://www.instagram.com/p/B9kw0OnhCVO/?igshid=1e0k4q14xcmrq",,@canaldepanama,#news,1237546420220997635,https://twitter.com/dtodoi/status/1237546420220997635
2020-03-11 00:42:32,quehaypahoy_pty,,0,0,0,"Comunicado del minsapma Cumplimos con la política del Gobierno Nacional de mantener la transparencia en cuanto al manejo de los casos de #COVID19. - . . . #quehaypahoypanama #pahoypanama⁣ #visitpanama #Panama… https://www.instagram.com/p/B9ktm_8nsGY/?igshid=o1toc7e6jxdk",,,#COVID19 #quehaypahoypanama #pahoypanama #visitpanama #Panama,1237539368404783104,https://twitter.com/quehaypahoy_pty/status/1237539368404783104
2020-03-11 00:30:04,dtodoi,,0,0,0,"ÚLTIMO MINUTO: un fallecimiento en Panamá por #Coronavirus Covid-19, 8 casos nuevos en cuidados intensivos y 66 en observación. . #panama #news en Panama City, Panama https://www.instagram.com/p/B9ksLn8BEFb/?igshid=1s7z31ljmkvn8",,,#Coronavirus #panama #news,1237536229169614848,https://twitter.com/dtodoi/status/1237536229169614848
2020-03-10 23:35:56,dtodoi,,0,0,0,"MUNDO: Aunque usted no lo crea, personas que han sido infectadas, realizan actos no tan buenos de higiene para que otros adquieran el virus Covid-19. . #news #noticias #panama en Panama City, Panama https://www.instagram.com/p/B9kl0A6hL-T/?igshid=1c89qy49b6szr",,,#news #noticias #panama,1237522607416594433,https://twitter.com/dtodoi/status/1237522607416594433
2020-03-10 18:53:03,PipoFlash,,0,0,1,"El #StarTour2020 esta preparado para el #COVID19 No se Alarmen #VJPipoFlash en Panama City, Panama https://www.instagram.com/p/B9kFkx0B8HN/?igshid=u7kakounu1o6",,,#StarTour2020 #COVID19 #VJPipoFlash,1237451416958119937,https://twitter.com/PipoFlash/status/1237451416958119937
2020-03-10 13:31:05,armandomocci,,0,1,3,"Estamos siempre para servirles con todas las medidas de prevención. Para citas médicas llamar al 2649220 2649221 o al +5076673 9585 por WhatsApp #covid2019 #covid_19 #panama #pty #dermatologia en Dermaclinica https://www.instagram.com/p/B9jgi0xnS42/?igshid=18i180w323r58",,,#covid2019 #covid_19 #panama #pty #dermatologia,1237370393868021760,https://twitter.com/armandomocci/status/1237370393868021760
2020-03-10 13:16:51,DJPeanutwao,,0,1,1,"Lo publiqué la semana pasada y estaré haciéndolo de forma recurrente hasta controlar el COVID-19 igualmente tengo más información internacional certificada por publicar. en Fort Clayton, Panama, Panama https://www.instagram.com/p/B9jfI64AmYc/?igshid=zctgo17kmc2",,,,1237366809579393025,https://twitter.com/DJPeanutwao/status/1237366809579393025
2020-03-10 12:47:02,SusanCast,,0,5,6,"Sabías que el 97% de las personas que se relacionan con el virus de curan. Y hoy el 70% de las personas en China contagiagas con #COVID-19 están curadas. Datos de la organizacionmundialdelasalud Al aire… https://www.instagram.com/p/B9jbuTnp74Z/?igshid=4w57nsatt796",,,#COVID,1237359308725239808,https://twitter.com/SusanCast/status/1237359308725239808
2020-03-10 09:51:28,Fa_publica,,0,0,0,"Linea gratuita para todo lo relacionado con el #covid19. Seamos responsables al utilizarla. #SoyUP #SoyAp #SoyAdministracionPublica #soypartedelasolucion en Facultad de Administración Pública https://www.instagram.com/p/B9jHoxGHpo6/?igshid=110kvzactq8ei",,,#covid19 #SoyUP #SoyAp #SoyAdministracionPublica #soypartedelasolucion,1237315125712846848,https://twitter.com/Fa_publica/status/1237315125712846848
2020-03-10 03:52:31,dtodoi,,0,0,0,"INFORMACIÓN: Medidas de protección básicas contra el nuevo coronavirus. . Manténgase al día de la información más reciente sobre el brote de COVID-19, a la que puede acceder en el sitio web de la OMS y a través de… https://www.instagram.com/p/B9iejcWB0iK/?igshid=rgg3qve9iyix",,,,1237224791456641026,https://twitter.com/dtodoi/status/1237224791456641026
2020-03-10 02:47:49,Panamaimage1,,0,0,0,"Panamá confirma primer caso de COVID-19 Ministerio de Salud pasará de la fase de contención a mitigación bajo estrictos protocolos de seguridad en el país. El Ministerio de Salud (MINSA) comunica que… https://www.instagram.com/p/B9iXJzOB4rM/?igshid=1b6jsyvrre0em",,,,1237208510447915008,https://twitter.com/Panamaimage1/status/1237208510447915008
2020-03-10 02:45:24,dtodoi,,0,0,0,"COVID-19 / PANAMA: Se le pide a la población que eviten estar acudiendo a los centros hospitalarios de manera innecesaria, esto lo destacó la Ministra de Salud rosarioetm durante la conferencia de prensa presentada… https://www.instagram.com/p/B9iWrDiB6uA/?igshid=renrmuh6hvkr",,,,1237207902395543552,https://twitter.com/dtodoi/status/1237207902395543552
2020-03-10 02:37:41,ALERTA911PANAMA,ALERTA911PANAMA,0,1,0,"CASO 1 CONFIRMADO DE COVID-19 EN PANAMÁ. https://twitter.com/ALERTA911PANAMA/status/1237190575356608513 en Panama City, Panama https://www.instagram.com/p/B9iV_YuhunY/?igshid=nht87i9fnsjq",,,,1237205959954530314,https://twitter.com/ALERTA911PANAMA/status/1237205959954530314
2020-03-10 02:35:12,dtodoi,,0,0,0,"INFORMATIVO: Controles a seguir para evitar un posible contagio por Covid-19. Evitemos todos #coronavirus #news #noticias #panama en Panama City, Panama https://www.instagram.com/p/B9iVtNtBY2L/?igshid=8p00j4jo0vxo",,,#coronavirus #news #noticias #panama,1237205334214746112,https://twitter.com/dtodoi/status/1237205334214746112
2020-03-10 02:33:10,dtodoi,,0,0,0,"Pasamos de la fase de contención a la fase de mitigación del #COVID19. Se mantendrá a la población informada sobre la evolución de la paciente y los invitamos a seguir los protocolos de prevención. #coronavirus #news… https://www.instagram.com/p/B9iVeVEBPB5/?igshid=we3j12efui62",,,#COVID19 #coronavirus #news,1237204820848783360,https://twitter.com/dtodoi/status/1237204820848783360
2020-03-10 02:21:47,dtodoi,,0,0,0,"COVID-19 / PANAMA : Ministra de Salud rosarioetm indicó que están contactando a las personas que venían en el avión con la persona que dio positivo a Covid-19. España no estaba entre los países que pasaban controles… https://www.instagram.com/p/B9iULDHhL2q/?igshid=e9cp4pinrka9",,,,1237201956428488704,https://twitter.com/dtodoi/status/1237201956428488704
2020-03-10 02:20:31,dtodoi,,0,0,0,"Ministra de Salud rosarioetm indicó que están contactando a las personas que venían en el avión con la persona que dio positivo a Covid-19. España no estaba entre los países que pasaban controles en el aeropuerto,… https://www.instagram.com/p/B9iUBxsB4y8/?igshid=wn2dlu3tdwuc",,,,1237201637980028928,https://twitter.com/dtodoi/status/1237201637980028928
2020-03-09 23:19:17,dtodoi,,0,0,1,"MUNDO: Médicos Chinos aseguran que el COVID-19 es una combinación de SARS y VIH. . Varios expertos Chinos aseguran que el Coronavirus daña los pulmones y el sistema inmunológico. . Médicos Chinos mediante una… https://www.instagram.com/p/B9h_SVUhIvV/?igshid=aziayp1euzu2",,,,1237156030649425925,https://twitter.com/dtodoi/status/1237156030649425925
2020-03-09 23:14:08,dtodoi,,0,0,0,"MUNDO: Médico chino tras estudiar autopsias de infectados dijo que el efecto del covid-19 es como una combinación del SARS y el sida. #news #noticias #panama #world en Panama City, Panama https://www.instagram.com/p/B9h-snChGUC/?igshid=wuogxq7pples",,,#news #noticias #panama #world,1237154732730441728,https://twitter.com/dtodoi/status/1237154732730441728
2020-03-09 23:08:27,dtodoi,,0,0,0,"NACIONAL: Seguros privados de salud en Panamá han notificado que no cubrirán el Covid-19 ni las enfermedades producidas por éste por tratarse de una epidemia que puede convertirse en pandemia. . #news #noticias… https://www.instagram.com/p/B9h-C-zhJm6/?igshid=12x71ows7hi00",,,#news #noticias,1237153302737031169,https://twitter.com/dtodoi/status/1237153302737031169
2020-03-09 22:28:14,dtodoi,,0,0,0,"NACIONAL: .@elmetrodepanama adopta medidas de prevención por el nuevo #coronavirus COVID19, y anuncia que redoblará esfuerzos en la limpieza de la Línea 1 y 2. #news #noticias #panama en Panama City, Panama https://www.instagram.com/p/B9h5chGhlx9/?igshid=pbhg5q6xxop1",,@elmetrodepanama,#coronavirus #news #noticias #panama,1237143183559208960,https://twitter.com/dtodoi/status/1237143183559208960
2020-03-08 23:28:34,AlvaroAlvaradoC,,2,1,7,"Descartado caso sospechoso de COVID-19 que paralizó vuelo con destino a Panamá en Panama City, Panama https://www.instagram.com/p/B9fbjh4pNwC/?igshid=19th6205c0hta",,,,1236795979883524102,https://twitter.com/AlvaroAlvaradoC/status/1236795979883524102
2020-03-08 16:43:41,AlvaroAlvaradoC,,5,5,13,"Panameños que mantuvieron contacto con costarricense resultaron negativos por COVID-19 El Ministerio de Salud (MINSA) informa que los resultados practicados a las siete personas que en Panamá tuvieron contacto con… https://www.instagram.com/p/B9etNpxpYOg/?igshid=6qdha6hb0hsd",,,,1236694086532370437,https://twitter.com/AlvaroAlvaradoC/status/1236694086532370437
2020-03-07 14:11:31,dtodoi,,0,0,0,"El coronavirus se está propagando por la región. Crecieron los números en Brasil y Argentina y ya hay en Perú, Costa Rica y Colombia. #news #noticias #panama #noticiasdti #coronavirus #covid19 en Panama City, Panama https://www.instagram.com/p/B9b3AiAh7nc/?igshid=hxvrxnrjsi47",,,#news #noticias #panama #noticiasdti #coronavirus #covid19,1236293404562202627,https://twitter.com/dtodoi/status/1236293404562202627
2020-03-05 21:17:19,AlvaroAlvaradoC,,1,8,11,"*Primer caso sospechoso por COVID-19 en Costa Rica* 5 de marzo del 2020. El Ministerio de Salud estudia el primer caso sospechoso por Covid-19. Se trata de una mujer costarricense, de 52 años, vecina del cantón de… https://www.instagram.com/p/B9XeJWPpZmC/?igshid=1f9lj8wiechx9",,,,1235675784632770560,https://twitter.com/AlvaroAlvaradoC/status/1235675784632770560
2020-02-29 15:19:45,armandomocci,,1,1,1,"El COVID-19 (Coronavirus) llegará a Panama en algún momento. Es importante que entendamos las medidas de precaución correctas y no caigamos en una histeria colectiva. Debido a que el virus estará un buen tiempo… https://www.instagram.com/p/B9J9LMnnwcy/?igshid=1t6ffakq7j4sg",,,,1233773859951693828,https://twitter.com/armandomocci/status/1233773859951693828
2020-02-24 16:19:26,dtodoi,,0,0,0,"Coronavirus Un virus detectado por primera vez en China a finales del año pasado ha infectado a más de 79.000 personas en todo el mundo. La Organización Mundial de la Salud ha denominado a la enfermedad COVID-19. A… https://www.instagram.com/p/B89MG7PhHuP/?igshid=lq274d3ngohj",,,,1231976941739282433,https://twitter.com/dtodoi/status/1231976941739282433
2020-02-12 12:56:09,dtodoi,,0,0,0,"El virus surgido en china conocido hasta la fecha como Coronavirus tiene nuevo nombre: Covid-19 #covid19 #virus #alerta #panama #china #panamapty #noticias #news en Panama City, Panama https://www.instagram.com/p/B8d7Tl2BHUL/?igshid=4j946dncddyv",,,#covid19 #virus #alerta #panama #china #panamapty #noticias #news,1227577126968320003,https://twitter.com/dtodoi/status/1227577126968320003
